title,product name,url
Nail Enamel Revlon - Esmalte - Época Cosméticos,Nail Enamel Revlon - Esmalte - 270 - Cherries in the Snow,https://www.epocacosmeticos.com.br/nail-enamel-revlon-esmalte/p
Nail Enamel Revlon - Esmalte - Época Cosméticos,Nail Enamel Revlon - Esmalte - Gray Suede,https://www.epocacosmeticos.com.br/nail-enamel-revlon-esmalte/p
Nail Enamel Revlon - Esmalte - Época Cosméticos,Nail Enamel Revlon - Esmalte - Sultry,https://www.epocacosmeticos.com.br/nail-enamel-revlon-esmalte/p
Nail Enamel Revlon - Esmalte - Época Cosméticos,Nail Enamel Revlon - Esmalte - Tempting,https://www.epocacosmeticos.com.br/nail-enamel-revlon-esmalte/p
Nail Enamel Revlon - Esmalte - Época Cosméticos,Nail Enamel Revlon - Esmalte - Coy,https://www.epocacosmeticos.com.br/nail-enamel-revlon-esmalte/p
Nail Enamel Revlon - Esmalte - Época Cosméticos,Nail Enamel Revlon - Esmalte - Ravishing,https://www.epocacosmeticos.com.br/nail-enamel-revlon-esmalte/p
Nail Enamel Revlon - Esmalte - Época Cosméticos,Nail Enamel Revlon - Esmalte - Privileged,https://www.epocacosmeticos.com.br/nail-enamel-revlon-esmalte/p
Nail Enamel Revlon - Esmalte - Época Cosméticos,Nail Enamel Revlon - Esmalte - Provocative,https://www.epocacosmeticos.com.br/nail-enamel-revlon-esmalte/p
Nail Enamel Revlon - Esmalte - Época Cosméticos,Nail Enamel Revlon - Esmalte - 730 Valentine,https://www.epocacosmeticos.com.br/nail-enamel-revlon-esmalte/p
Nail Enamel Revlon - Esmalte - Época Cosméticos,Nail Enamel Revlon - Esmalte - Knockout,https://www.epocacosmeticos.com.br/nail-enamel-revlon-esmalte/p
Nail Enamel Revlon - Esmalte - Época Cosméticos,Nail Enamel Revlon - Esmalte - Foxy,https://www.epocacosmeticos.com.br/nail-enamel-revlon-esmalte/p
Nail Enamel Revlon - Esmalte - Época Cosméticos,Nail Enamel Revlon - Esmalte - Charming,https://www.epocacosmeticos.com.br/nail-enamel-revlon-esmalte/p
Nail Enamel Revlon - Esmalte - Época Cosméticos,Nail Enamel Revlon - Esmalte - Impulsive,https://www.epocacosmeticos.com.br/nail-enamel-revlon-esmalte/p
Nail Enamel Revlon - Esmalte - Época Cosméticos,Nail Enamel Revlon - Esmalte - Angelic,https://www.epocacosmeticos.com.br/nail-enamel-revlon-esmalte/p
Nail Enamel Revlon - Esmalte - Época Cosméticos,Nail Enamel Revlon - Esmalte - Vixem,https://www.epocacosmeticos.com.br/nail-enamel-revlon-esmalte/p
Nail Enamel Revlon - Esmalte - Época Cosméticos,Nail Enamel Revlon - Esmalte - Eclectic,https://www.epocacosmeticos.com.br/nail-enamel-revlon-esmalte/p
Nail Enamel Revlon - Esmalte - Época Cosméticos,Nail Enamel Revlon - Esmalte - Trendy,https://www.epocacosmeticos.com.br/nail-enamel-revlon-esmalte/p
Nail Enamel Revlon - Esmalte - Época Cosméticos,Nail Enamel Revlon - Esmalte - Metallic Gold Coin,https://www.epocacosmeticos.com.br/nail-enamel-revlon-esmalte/p
Nail Enamel Revlon - Esmalte - Época Cosméticos,Nail Enamel Revlon - Esmalte - Clear,https://www.epocacosmeticos.com.br/nail-enamel-revlon-esmalte/p
Nail Enamel Revlon - Esmalte - Época Cosméticos,Nail Enamel Revlon - Esmalte - Brulee,https://www.epocacosmeticos.com.br/nail-enamel-revlon-esmalte/p
Nail Enamel Revlon - Esmalte - Época Cosméticos,Nail Enamel Revlon - Esmalte - Bewitching,https://www.epocacosmeticos.com.br/nail-enamel-revlon-esmalte/p
Nail Enamel Revlon - Esmalte - Época Cosméticos,Nail Enamel Revlon - Esmalte - Bubbly,https://www.epocacosmeticos.com.br/nail-enamel-revlon-esmalte/p
Nail Enamel Revlon - Esmalte - Época Cosméticos,Nail Enamel Revlon - Esmalte - Enchanting,https://www.epocacosmeticos.com.br/nail-enamel-revlon-esmalte/p
Nail Enamel Revlon - Esmalte - Época Cosméticos,Nail Enamel Revlon - Esmalte - Fuchia Fever,https://www.epocacosmeticos.com.br/nail-enamel-revlon-esmalte/p
Nail Enamel Revlon - Esmalte - Época Cosméticos,Nail Enamel Revlon - Esmalte - Plum Seduction,https://www.epocacosmeticos.com.br/nail-enamel-revlon-esmalte/p
Nail Enamel Revlon - Esmalte - Época Cosméticos,Nail Enamel Revlon - Esmalte - Raven Red,https://www.epocacosmeticos.com.br/nail-enamel-revlon-esmalte/p
Mavala Scientifique Durcisseur D´ongles Base - Época Cosméticos,Mavala Scientifique Durcisseur D´ongles Mavala - Endurecedor de Unhas - 5ml,https://www.epocacosmeticos.com.br/mavala-scientifique-durcisseur-d-ongles-mavala-endurecedor-de-unhas/p
Esmalte Risqué Mulher-Maravilha - Época Cosméticos,Esmalte Risqué Mulher-Maravilha - Azul Estrelado,https://www.epocacosmeticos.com.br/esmalte-risque-mulher-maravilha/p
Esmalte Risqué Mulher-Maravilha - Época Cosméticos,Esmalte Risqué Mulher-Maravilha - Nude Imortal,https://www.epocacosmeticos.com.br/esmalte-risque-mulher-maravilha/p
Esmalte Risqué Mulher-Maravilha - Época Cosméticos,Esmalte Risqué Mulher-Maravilha - Bracelete Indestrutível,https://www.epocacosmeticos.com.br/esmalte-risque-mulher-maravilha/p
Esmalte Risqué Mulher-Maravilha - Época Cosméticos,Esmalte Risqué Mulher-Maravilha - Dourado Verdade,https://www.epocacosmeticos.com.br/esmalte-risque-mulher-maravilha/p
Esmalte Risqué Mulher-Maravilha - Época Cosméticos,Esmalte Risqué Mulher-Maravilha - Vermelho Maravilha,https://www.epocacosmeticos.com.br/esmalte-risque-mulher-maravilha/p
Esmalte Risqué Mulher-Maravilha - Época Cosméticos,Esmalte Risqué Mulher-Maravilha - Amazona Poderosa,https://www.epocacosmeticos.com.br/esmalte-risque-mulher-maravilha/p
Kit Risqué Mulher-Maravilha - 6 Cores Sortidas - Época Cosméticos,Risqué Mulher-Maravilha Kit - Amazona Poderosa + Azul estrelado + Nude Imortal + Vermelho Maravilha + Bracelete Indistrutível + Dourado Verdade,https://www.epocacosmeticos.com.br/risque-mulher-maravilha-kit-amazona-poderosa-azul-estrelado-nude-imortal-vermelho-maravilha-bracelete-indistrutivel-dourado-verdade/p
Mava-Strong Mavala - Base Fortificante - Época Cosméticos,Mava-Strong Mavala - Base Fortificante - 10ml,https://www.epocacosmeticos.com.br/mava-strong-mavala-base-fortificante/p
Mavala Mini Color 5ml - Esmalte Cremoso - Época Cosméticos,Mavala Mini Color 5ml - Esmalte Cremoso - 03 - Paris,https://www.epocacosmeticos.com.br/mavala-mini-color-5ml-esmalte-cremoso/p
Mavala Mini Color 5ml - Esmalte Cremoso - Época Cosméticos,Mavala Mini Color 5ml - Esmalte Cremoso - 164 - Rose Dust,https://www.epocacosmeticos.com.br/mavala-mini-color-5ml-esmalte-cremoso/p
Mavala Mini Color 5ml - Esmalte Cremoso - Época Cosméticos,Mavala Mini Color 5ml - Esmalte Cremoso - 185 - Moscow,https://www.epocacosmeticos.com.br/mavala-mini-color-5ml-esmalte-cremoso/p
Mavala Mini Color 5ml - Esmalte Cremoso - Época Cosméticos,Mavala Mini Color 5ml - Esmalte Cremoso - 186 - Sapporo,https://www.epocacosmeticos.com.br/mavala-mini-color-5ml-esmalte-cremoso/p
Mavala Mini Color 5ml - Esmalte Cremoso - Época Cosméticos,Mavala Mini Color 5ml - Esmalte Cremoso - 187 - Roma,https://www.epocacosmeticos.com.br/mavala-mini-color-5ml-esmalte-cremoso/p
Mavala Mini Color 5ml - Esmalte Cremoso - Época Cosméticos,Mavala Mini Color 5ml - Esmalte Cremoso - 396 - Velvet,https://www.epocacosmeticos.com.br/mavala-mini-color-5ml-esmalte-cremoso/p
Mavala Mini Color 5ml - Esmalte Cremoso - Época Cosméticos,Mavala Mini Color 5ml - Esmalte Cremoso - 47 - Izmir,https://www.epocacosmeticos.com.br/mavala-mini-color-5ml-esmalte-cremoso/p
Mavala Mini Color 5ml - Esmalte Cremoso - Época Cosméticos,Mavala Mini Color 5ml - Esmalte Cremoso - 49 - White,https://www.epocacosmeticos.com.br/mavala-mini-color-5ml-esmalte-cremoso/p
Mavala Mini Color 5ml - Esmalte Cremoso - Época Cosméticos,Mavala Mini Color 5ml - Esmalte Cremoso - 56 - Riga,https://www.epocacosmeticos.com.br/mavala-mini-color-5ml-esmalte-cremoso/p
Mavala Mini Color 5ml - Esmalte Cremoso - Época Cosméticos,Mavala Mini Color 5ml - Esmalte Cremoso - 62 - Milano,https://www.epocacosmeticos.com.br/mavala-mini-color-5ml-esmalte-cremoso/p
Mavala Mini Color 5ml - Esmalte Cremoso - Época Cosméticos,Mavala Mini Color 5ml - Esmalte Cremoso - 63 - Acapulco,https://www.epocacosmeticos.com.br/mavala-mini-color-5ml-esmalte-cremoso/p
Mavala Mini Color 5ml - Esmalte Cremoso - Época Cosméticos,Mavala Mini Color 5ml - Esmalte Cremoso - 64 - Bilbao,https://www.epocacosmeticos.com.br/mavala-mini-color-5ml-esmalte-cremoso/p
Mavala Mini Color 5ml - Esmalte Cremoso - Época Cosméticos,Mavala Mini Color 5ml - Esmalte Cremoso - 72 - Nice,https://www.epocacosmeticos.com.br/mavala-mini-color-5ml-esmalte-cremoso/p
Mavala Mini Color 5ml - Esmalte Cremoso - Época Cosméticos,Mavala Mini Color 5ml - Esmalte Cremoso - 92 - New Dehli,https://www.epocacosmeticos.com.br/mavala-mini-color-5ml-esmalte-cremoso/p
Mavala Mini Color 5ml - Esmalte Cremoso - Época Cosméticos,Mavala Mini Color 5ml - Esmalte Cremoso - 304 - Bamako,https://www.epocacosmeticos.com.br/mavala-mini-color-5ml-esmalte-cremoso/p
Mavala Mini Color 5ml - Esmalte Cremoso - Época Cosméticos,Mavala Mini Color 5ml - Esmalte Cremoso - 30 - Mexico,https://www.epocacosmeticos.com.br/mavala-mini-color-5ml-esmalte-cremoso/p
Mavala Mini Color 5ml - Esmalte Cremoso - Época Cosméticos,Mavala Mini Color 5ml - Esmalte Cremoso - 97 - Wichita,https://www.epocacosmeticos.com.br/mavala-mini-color-5ml-esmalte-cremoso/p
Mavala Mini Color 5ml - Esmalte Cremoso - Época Cosméticos,Mavala Mini Color 5ml - Esmalte Cremoso - 156 - Rococo Red,https://www.epocacosmeticos.com.br/mavala-mini-color-5ml-esmalte-cremoso/p
Mavala Mini Color 5ml - Esmalte Cremoso - Época Cosméticos,Mavala Mini Color 5ml - Esmalte Cremoso - 132 - Duchess Rose,https://www.epocacosmeticos.com.br/mavala-mini-color-5ml-esmalte-cremoso/p
Mavala Mini Color 5ml - Esmalte Cremoso - Época Cosméticos,Mavala Mini Color 5ml - Esmalte Cremoso - 133 - Velvet Prune,https://www.epocacosmeticos.com.br/mavala-mini-color-5ml-esmalte-cremoso/p
Mavala Mini Color 5ml - Esmalte Cremoso - Época Cosméticos,Mavala Mini Color 5ml - Esmalte Cremoso - 136 - Warm Cognac,https://www.epocacosmeticos.com.br/mavala-mini-color-5ml-esmalte-cremoso/p
Mavala Mini Color 5ml - Esmalte Cremoso - Época Cosméticos,Mavala Mini Color 5ml - Esmalte Cremoso - 48 - Black,https://www.epocacosmeticos.com.br/mavala-mini-color-5ml-esmalte-cremoso/p
Mavala Mini Color 5ml - Esmalte Cremoso - Época Cosméticos,Mavala Mini Color 5ml - Esmalte Cremoso - 234 - Sensuality,https://www.epocacosmeticos.com.br/mavala-mini-color-5ml-esmalte-cremoso/p
Mavala Mini Color 5ml - Esmalte Cremoso - Época Cosméticos,Mavala Mini Color 5ml - Esmalte Cremoso - 239 - Barcelona,https://www.epocacosmeticos.com.br/mavala-mini-color-5ml-esmalte-cremoso/p
Mavala Mini Color 5ml - Esmalte Cremoso - Época Cosméticos,Mavala Mini Color 5ml - Esmalte Cremoso - 266 - Singapore,https://www.epocacosmeticos.com.br/mavala-mini-color-5ml-esmalte-cremoso/p
Mavala Mini Color 5ml - Esmalte Cremoso - Época Cosméticos,Mavala Mini Color 5ml - Esmalte Cremoso - 268 - Budapest,https://www.epocacosmeticos.com.br/mavala-mini-color-5ml-esmalte-cremoso/p
Mavala Mini Color 5ml - Esmalte Cremoso - Época Cosméticos,Mavala Mini Color 5ml - Esmalte Cremoso - 270 - Firenze,https://www.epocacosmeticos.com.br/mavala-mini-color-5ml-esmalte-cremoso/p
Mavala Mini Color 5ml - Esmalte Perolado - Época Cosméticos,Mavala Mini Color 5ml - Esmalte Perolado - 151 - Marrom Glace,https://www.epocacosmeticos.com.br/mavala-mini-color-5ml-esmalte-perolado/p
Mavala Mini Color 5ml - Esmalte Perolado - Época Cosméticos,Mavala Mini Color 5ml - Esmalte Perolado - 162 - Rose Shell,https://www.epocacosmeticos.com.br/mavala-mini-color-5ml-esmalte-perolado/p
Mavala Mini Color 5ml - Esmalte Perolado - Época Cosméticos,Mavala Mini Color 5ml - Esmalte Perolado - 175 - Platinum Marble,https://www.epocacosmeticos.com.br/mavala-mini-color-5ml-esmalte-perolado/p
Mavala Mini Color 5ml - Esmalte Perolado - Época Cosméticos,Mavala Mini Color 5ml - Esmalte Perolado - 179 - Lemon Cream,https://www.epocacosmeticos.com.br/mavala-mini-color-5ml-esmalte-perolado/p
Mavala Mini Color 5ml - Esmalte Perolado - Época Cosméticos,Mavala Mini Color 5ml - Esmalte Perolado - 22 - Geneve,https://www.epocacosmeticos.com.br/mavala-mini-color-5ml-esmalte-perolado/p
Mavala Mini Color 5ml - Esmalte Perolado - Época Cosméticos,Mavala Mini Color 5ml - Esmalte Perolado - 246 - Black Cherry,https://www.epocacosmeticos.com.br/mavala-mini-color-5ml-esmalte-perolado/p
Mavala Mini Color 5ml - Esmalte Perolado - Época Cosméticos,Mavala Mini Color 5ml - Esmalte Perolado - 292 - San German,https://www.epocacosmeticos.com.br/mavala-mini-color-5ml-esmalte-perolado/p
Mavala Mini Color 5ml - Esmalte Perolado - Época Cosméticos,Mavala Mini Color 5ml - Esmalte Perolado - 328 - Rose,https://www.epocacosmeticos.com.br/mavala-mini-color-5ml-esmalte-perolado/p
Mavala Mini Color 5ml - Esmalte Perolado - Época Cosméticos,Mavala Mini Color 5ml - Esmalte Perolado - 53 - London,https://www.epocacosmeticos.com.br/mavala-mini-color-5ml-esmalte-perolado/p
Mavala Mini Color 5ml - Esmalte Perolado - Época Cosméticos,Mavala Mini Color 5ml - Esmalte Perolado - 75 - Miami,https://www.epocacosmeticos.com.br/mavala-mini-color-5ml-esmalte-perolado/p
Mavala Mini Color 5ml - Esmalte Perolado - Época Cosméticos,Mavala Mini Color 5ml - Esmalte Perolado - 91 - Reno,https://www.epocacosmeticos.com.br/mavala-mini-color-5ml-esmalte-perolado/p
Mavala Mini Color 5ml - Esmalte Perolado - Época Cosméticos,Mavala Mini Color 5ml - Esmalte Perolado - 169 Wakiki Orange,https://www.epocacosmeticos.com.br/mavala-mini-color-5ml-esmalte-perolado/p
Mavala Mini Color 5ml - Esmalte Perolado - Época Cosméticos,Mavala Mini Color 5ml - Esmalte Perolado - 134 - Caftan Blue,https://www.epocacosmeticos.com.br/mavala-mini-color-5ml-esmalte-perolado/p
Mavala Mini Color 5ml - Esmalte Perolado - Época Cosméticos,Mavala Mini Color 5ml - Esmalte Perolado - 206 - French Cancan,https://www.epocacosmeticos.com.br/mavala-mini-color-5ml-esmalte-perolado/p
Removedor de Esmalte Lenço - Ricca - Época Cosméticos,Removedor de Esmalte Lenço - Ricca - 32 Unidades,https://www.epocacosmeticos.com.br/removedor-de-esmaltes-lenco-ricca/p
Esmalte Cremoso Qual O Seu Nude? Vult - Esmalte - Época Cosméticos,Esmalte Cremoso Qual O Seu Nude? Vult - Esmalte - Ganache,https://www.epocacosmeticos.com.br/esmalte-cremoso-qual-o-seu-nude-vult-esmalte/p
Esmalte Cremoso Qual O Seu Nude? Vult - Esmalte - Época Cosméticos,Esmalte Cremoso Qual O Seu Nude? Vult - Esmalte - Pao de Mel,https://www.epocacosmeticos.com.br/esmalte-cremoso-qual-o-seu-nude-vult-esmalte/p
Esmalte Cremoso Qual O Seu Nude? Vult - Esmalte - Época Cosméticos,Esmalte Cremoso Qual O Seu Nude? Vult - Esmalte - Marrom Glace,https://www.epocacosmeticos.com.br/esmalte-cremoso-qual-o-seu-nude-vult-esmalte/p
Esmalte Cremoso Qual O Seu Nude? Vult - Esmalte - Época Cosméticos,Esmalte Cremoso Qual O Seu Nude? Vult - Esmalte - Pudim de Leite,https://www.epocacosmeticos.com.br/esmalte-cremoso-qual-o-seu-nude-vult-esmalte/p
Esmalte Cremoso Qual O Seu Nude? Vult - Esmalte - Época Cosméticos,Esmalte Cremoso Qual O Seu Nude? Vult - Esmalte - Brownie,https://www.epocacosmeticos.com.br/esmalte-cremoso-qual-o-seu-nude-vult-esmalte/p
Esmalte Cremoso Qual O Seu Nude? Vult - Esmalte - Época Cosméticos,Esmalte Cremoso Qual O Seu Nude? Vult - Esmalte - Pave,https://www.epocacosmeticos.com.br/esmalte-cremoso-qual-o-seu-nude-vult-esmalte/p
Esmalte Cremoso Qual O Seu Nude? Vult - Esmalte - Época Cosméticos,Esmalte Cremoso Qual O Seu Nude? Vult - Esmalte - Rocambole,https://www.epocacosmeticos.com.br/esmalte-cremoso-qual-o-seu-nude-vult-esmalte/p
Esmalte Cremoso Qual O Seu Nude? Vult - Esmalte - Época Cosméticos,Esmalte Cremoso Qual O Seu Nude? Vult - Esmalte - Calda de Chocolate,https://www.epocacosmeticos.com.br/esmalte-cremoso-qual-o-seu-nude-vult-esmalte/p
Bloco para Polimento First Kiss - Lixa de Unha - Época Cosméticos,Bloco para Polimento First Kiss - Lixa de Unha - 1 Unidade,https://www.epocacosmeticos.com.br/bloco-para-polimento-first-kiss-lixa-de-unha/p
Casco de Cavalo Impala - Base Endurecedora - Época Cosméticos,"Casco de Cavalo Impala - Base Endurecedora - 7,5ml",https://www.epocacosmeticos.com.br/casco-de-cavalo-impala-base-endurecedora/p
Nail Shield Mavala - Proteção Mecânica para as Unhas - Época Cosméticos,Nail Shield Mavala - Proteção Mecânica para as Unhas - 10ml,https://www.epocacosmeticos.com.br/bouclier-de-l-ongle-mavala-protecao-mecanica-para-as-unhas/p
1 Seconde Gel Bourjois - Esmalte - Época Cosméticos,1 Seconde Gel Bourjois - Esmalte - T02 - Rose Delicat,https://www.epocacosmeticos.com.br/1-seconde-gel-bourjois-esmalte/p
1 Seconde Gel Bourjois - Esmalte - Época Cosméticos,1 Seconde Gel Bourjois - Esmalte - T03 - Beige Distincion,https://www.epocacosmeticos.com.br/1-seconde-gel-bourjois-esmalte/p
1 Seconde Gel Bourjois - Esmalte - Época Cosméticos,1 Seconde Gel Bourjois - Esmalte - T04 - Taupe Classy,https://www.epocacosmeticos.com.br/1-seconde-gel-bourjois-esmalte/p
1 Seconde Gel Bourjois - Esmalte - Época Cosméticos,1 Seconde Gel Bourjois - Esmalte - T11 - Rouge Instyle,https://www.epocacosmeticos.com.br/1-seconde-gel-bourjois-esmalte/p
1 Seconde Gel Bourjois - Esmalte - Época Cosméticos,1 Seconde Gel Bourjois - Esmalte - T27 - Green Fizz,https://www.epocacosmeticos.com.br/1-seconde-gel-bourjois-esmalte/p
1 Seconde Gel Bourjois - Esmalte - Época Cosméticos,1 Seconde Gel Bourjois - Esmalte - T39 - Its Raining Stars,https://www.epocacosmeticos.com.br/1-seconde-gel-bourjois-esmalte/p
1 Seconde Gel Bourjois - Esmalte - Época Cosméticos,1 Seconde Gel Bourjois - Esmalte - T48 - Nice Tomatte You,https://www.epocacosmeticos.com.br/1-seconde-gel-bourjois-esmalte/p
1 Seconde Gel Bourjois - Esmalte - Época Cosméticos,1 Seconde Gel Bourjois - Esmalte - 44 - Gray to Meet You,https://www.epocacosmeticos.com.br/1-seconde-gel-bourjois-esmalte/p
1 Seconde Gel Bourjois - Esmalte - Época Cosméticos,1 Seconde Gel Bourjois - Esmalte - 46 - Berry Important Person,https://www.epocacosmeticos.com.br/1-seconde-gel-bourjois-esmalte/p
1 Seconde Gel Bourjois - Esmalte - Época Cosméticos,1 Seconde Gel Bourjois - Esmalte - 28 - Red Dingue,https://www.epocacosmeticos.com.br/1-seconde-gel-bourjois-esmalte/p
Mavala Stop Mavala - Tratamento para Unhas Roídas - Época Cosméticos,Mavala Stop Mavala - Tratamento para Unhas Roídas - 10ml,https://www.epocacosmeticos.com.br/mavala-stop-mavala-tratamento-para-unhas-roidas/p
Mavala - Base Para Esmalte - Época Cosméticos,Mavala 002 Mavala - Base Protetora e Prolongadora da Duração do Esmalte - 10ml,https://www.epocacosmeticos.com.br/mavala-002-mavala-base-protetora-e-prolongadora-da-duracao-do-esmalte/p
Base Fortalecedora Dermage - Nail Force - Época Cosméticos,Base Fortalecedora Dermage - Nail Force - 1 Unidade,https://www.epocacosmeticos.com.br/base-fortalecedora-dermage-nail-force/p
Esmalte Mavala Mini Color’s - Color Inspiration - Época Cosméticos,Esmalte Mavala Mini Color’s - Color Inspiration - Blue Mountains,https://www.epocacosmeticos.com.br/esmalte-mavala-mini-colors-color-inspiration/p
Esmalte Mavala Mini Color’s - Color Inspiration - Época Cosméticos,Esmalte Mavala Mini Color’s - Color Inspiration - Coral Bay,https://www.epocacosmeticos.com.br/esmalte-mavala-mini-colors-color-inspiration/p
Esmalte Mavala Mini Color’s - Color Inspiration - Época Cosméticos,Esmalte Mavala Mini Color’s - Color Inspiration - Pink City,https://www.epocacosmeticos.com.br/esmalte-mavala-mini-colors-color-inspiration/p
Esmalte Mavala Mini Color’s - Color Inspiration - Época Cosméticos,Esmalte Mavala Mini Color’s - Color Inspiration - Purple Beach,https://www.epocacosmeticos.com.br/esmalte-mavala-mini-colors-color-inspiration/p
Esmalte Mavala Mini Color’s - Color Inspiration - Época Cosméticos,Esmalte Mavala Mini Color’s - Color Inspiration - Red River,https://www.epocacosmeticos.com.br/esmalte-mavala-mini-colors-color-inspiration/p
Esmalte Mavala Mini Color’s - Color Inspiration - Época Cosméticos,Esmalte Mavala Mini Color’s - Color Inspiration - Rose Hill,https://www.epocacosmeticos.com.br/esmalte-mavala-mini-colors-color-inspiration/p
Lixa de Unha Kiss New Banana - Época Cosméticos,Lixa de Unha Kiss New Banana - 1 Unidade,https://www.epocacosmeticos.com.br/lixa-de-unha-kiss-banana/p
Cola Secagem Rápida First Kiss - Cola de Unha - Época Cosméticos,Cola Secagem Rápida First Kiss - Cola de Unha - 3g,https://www.epocacosmeticos.com.br/cola-secagem-rapida-first-kiss-cola-de-unha/p
Unhas de Gel Curtas Autocolantes Kiss & Tell imPRESS Rated R - Época Cosméticos,Unhas de Gel Curtas Autocolantes imPRESS - Unhas Postiças - 1 Unidade,https://www.epocacosmeticos.com.br/unhas-de-gel-curtas-autocolantes-impress-kiss-e-tell-rated-r/p
Esmalte Perolado Vult - Esmalte - Época Cosméticos,Esmalte Perolado Vult - Esmalte - Partiu Balada,https://www.epocacosmeticos.com.br/esmalte-perolado-vult-esmalte/p
Esmalte Perolado Vult - Esmalte - Época Cosméticos,Esmalte Perolado Vult - Esmalte - Puro Nude,https://www.epocacosmeticos.com.br/esmalte-perolado-vult-esmalte/p
Esmalte Perolado Vult - Esmalte - Época Cosméticos,Esmalte Perolado Vult - Esmalte - Bem Casado,https://www.epocacosmeticos.com.br/esmalte-perolado-vult-esmalte/p
Kit Mundial - Alicate Inox + Espátula Dupla + Palito - Época Cosméticos,Alicate Inox para Cuticula 778-Ep + Espátula Dupla 371C + Palito 375-C Mundial - Kit,https://www.epocacosmeticos.com.br/alicate-inox-para-cuticula-778-ep-espatula-dupla-371c-palito-375-c-mundial-kit/p
Verniz Extra Brilho Impala - Base para Unhas - Época Cosméticos,"Verniz Extra Brilho Impala - Base para Unhas - 7,5ml",https://www.epocacosmeticos.com.br/verniz-extra-brilho-impala-base-para-unhas/p
Esmalte Cremoso Vult - Esmalte - Época Cosméticos,Esmalte Cremoso Vult - Esmalte - Pe de Amora,https://www.epocacosmeticos.com.br/esmalte-cremoso-vult-esmalte/p
Esmalte Cremoso Vult - Esmalte - Época Cosméticos,Esmalte Cremoso Vult - Esmalte - Cafe Bistro,https://www.epocacosmeticos.com.br/esmalte-cremoso-vult-esmalte/p
Esmalte Cremoso Vult - Esmalte - Época Cosméticos,Esmalte Cremoso Vult - Esmalte - Cereja de Flor,https://www.epocacosmeticos.com.br/esmalte-cremoso-vult-esmalte/p
Esmalte Cremoso Vult - Esmalte - Época Cosméticos,Esmalte Cremoso Vult - Esmalte - Cisne Negro,https://www.epocacosmeticos.com.br/esmalte-cremoso-vult-esmalte/p
Esmalte Cremoso Vult - Esmalte - Época Cosméticos,Esmalte Cremoso Vult - Esmalte - Espartilho,https://www.epocacosmeticos.com.br/esmalte-cremoso-vult-esmalte/p
Esmalte Cremoso Vult - Esmalte - Época Cosméticos,Esmalte Cremoso Vult - Esmalte - Acucar Mascavo,https://www.epocacosmeticos.com.br/esmalte-cremoso-vult-esmalte/p
Esmalte Cremoso Vult - Esmalte - Época Cosméticos,Esmalte Cremoso Vult - Esmalte - Pão de Ló,https://www.epocacosmeticos.com.br/esmalte-cremoso-vult-esmalte/p
Esmalte Cremoso Vult - Esmalte - Época Cosméticos,Esmalte Cremoso Vult - Esmalte - 105 - Poncho,https://www.epocacosmeticos.com.br/esmalte-cremoso-vult-esmalte/p
Esmalte Cremoso Vult - Esmalte - Época Cosméticos,Esmalte Cremoso Vult - Esmalte - 106 - Sobretudo,https://www.epocacosmeticos.com.br/esmalte-cremoso-vult-esmalte/p
Esmalte Cremoso Vult - Esmalte - Época Cosméticos,Esmalte Cremoso Vult - Esmalte - 107 - Sueter,https://www.epocacosmeticos.com.br/esmalte-cremoso-vult-esmalte/p
Esmalte Cremoso Vult - Esmalte - Época Cosméticos,Esmalte Cremoso Vult - Esmalte - 109 - Jaqueta de Couro,https://www.epocacosmeticos.com.br/esmalte-cremoso-vult-esmalte/p
Esmalte Cremoso Vult - Esmalte - Época Cosméticos,Esmalte Cremoso Vult - Esmalte - 112 - Moletom,https://www.epocacosmeticos.com.br/esmalte-cremoso-vult-esmalte/p
Esmalte Cremoso Vult - Esmalte - Época Cosméticos,Esmalte Cremoso Vult - Esmalte - 113 - Polaina,https://www.epocacosmeticos.com.br/esmalte-cremoso-vult-esmalte/p
Esmalte Cremoso Vult - Esmalte - Época Cosméticos,Esmalte Cremoso Vult - Esmalte - 111 - Vento Forte,https://www.epocacosmeticos.com.br/esmalte-cremoso-vult-esmalte/p
Speed Dry Inoar - Spray Secante para Esmalte - Época Cosméticos,Speed Dry Inoar - Spray Secante para Esmalte - 400ml,https://www.epocacosmeticos.com.br/speed-dry-inoar-spray-secante-para-esmalte/p
Unhas Postiças Auto Colantes 11 Red Carpet Bisou - Época Cosméticos,Unhas Postiças Auto Colantes Bisou - Unhas Postiças - 1 Unidade,https://www.epocacosmeticos.com.br/unhas-posticas-auto-colantes-11-red-carpet-bisou-unhas-posticas/p
Unhas Postiças Auto Colantes 45 Make A Wish Bisou - Época Cosméticos,Unhas Postiças Auto Colantes Bisou - Unhas Postiças - 1 Unidade,https://www.epocacosmeticos.com.br/unhas-posticas-auto-colantes-45-make-a-wish-bisou-unhas-posticas/p
Gel Finish Top Coat Mavala - Cobertura Fixadora - Época Cosméticos,Gel Finish Top Coat Mavala - Cobertura Fixadora - 10ml,https://www.epocacosmeticos.com.br/gel-finish-top-coat-mavala-cobertura-fixadora/p
Complete Salon Acrylic Kit First Kiss - Kit para Aplicação de Unhas Acrílicas - Época Cosméticos,Complete Salon Acrylic Kit First Kiss - Kit para Aplicação de Unhas Acrílicas,https://www.epocacosmeticos.com.br/complete-salon-acrylic-kit-first-kiss-kit-para-aplicacao-de-unhas-acrilicas/p
Instant Dry Bourjois - Secante de Esmaltes - Época Cosméticos - Época Cosméticos,Instant Dry Bourjois - Secante de Esmaltes - 9ml,https://www.epocacosmeticos.com.br/instant-dry-bourjois-secante-de-esmaltes/p
Mavala Mini Color 5ml - Esmalte Cintilante - Época Cosméticos,Mavala Mini Color 5ml - Esmalte Cintilante - 191 - Peacock Green,https://www.epocacosmeticos.com.br/mavala-mini-color-5ml-esmalte-cintilante/p
Mavala Mini Color 5ml - Esmalte Cintilante - Época Cosméticos,Mavala Mini Color 5ml - Esmalte Cintilante - 195 - Shimmer Violet,https://www.epocacosmeticos.com.br/mavala-mini-color-5ml-esmalte-cintilante/p
Mavala Mini Color 5ml - Esmalte Cintilante - Época Cosméticos,Mavala Mini Color 5ml - Esmalte Cintilante - 354 - Metalic Blue,https://www.epocacosmeticos.com.br/mavala-mini-color-5ml-esmalte-cintilante/p
Mavala Mini Color 5ml - Esmalte Cintilante - Época Cosméticos,Mavala Mini Color 5ml - Esmalte Cintilante - 350 - Esmerald Gold,https://www.epocacosmeticos.com.br/mavala-mini-color-5ml-esmalte-cintilante/p
Mavala Mini Color 5ml - Esmalte Cintilante - Época Cosméticos,Mavala Mini Color 5ml - Esmalte Cintilante - 135 - Amber Drop,https://www.epocacosmeticos.com.br/mavala-mini-color-5ml-esmalte-cintilante/p
Base Coat Dior - Base para Unhas - Época Cosméticos,Base Coat Dior - Base para Unhas - 10ml,https://www.epocacosmeticos.com.br/base-coat-dior-base-para-unhas/p
Colorfix Mavala - Fixador para o Esmalte - Época Cosméticos,Colorfix Mavala - Fixador para o Esmalte - 10ml,https://www.epocacosmeticos.com.br/colorfix-mavala-fixador-para-o-esmalte/p
Mavala Mini Color 5ml - Esmalte Glitter - Época Cosméticos,Mavala Mini Color 5ml - Esmalte Glitter - 392 - Moonstone,https://www.epocacosmeticos.com.br/mavala-mini-color-5ml-esmalte-glitter/p
Mavala Mini Color 5ml - Esmalte Glitter - Época Cosméticos,Mavala Mini Color 5ml - Esmalte Glitter - 393 - Gold Shimmer,https://www.epocacosmeticos.com.br/mavala-mini-color-5ml-esmalte-glitter/p
Mavala Mini Color 5ml - Esmalte Glitter - Época Cosméticos,Mavala Mini Color 5ml - Esmalte Glitter - 394 - Topaz Gem,https://www.epocacosmeticos.com.br/mavala-mini-color-5ml-esmalte-glitter/p
Mavala Mini Color 5ml - Esmalte Glitter - Época Cosméticos,Mavala Mini Color 5ml - Esmalte Glitter - 395 - Ruby Dust,https://www.epocacosmeticos.com.br/mavala-mini-color-5ml-esmalte-glitter/p
Top Coat Fixateur Mavala - Cobertura Extra Brilho - Época Cosméticos,Top Coat Fixateur Mavala - Cobertura Extra Brilho - 5ml,https://www.epocacosmeticos.com.br/top-coat-fixateur-mavala-cobertura-extra-brilho/p
Mavala Scientifique Pen Mavala - Endurecedor de Unhas - Época Cosméticos,"Mavala Scientifique Pen Mavala - Endurecedor de Unhas - 3,5ml",https://www.epocacosmeticos.com.br/mavala-scientifique-pen-mavala-endurecedor-de-unhas/p
Mavadry Mavala - Secante para o Esmalte - Época Cosméticos,Mavadry Mavala - Secante para o Esmalte - 10ml,https://www.epocacosmeticos.com.br/mavadry-mavala-secante-para-o-esmalte/p
Mavaderma Mavala - Cuidado Fortalecedor para as Unhas - Época Cosméticos,Mavaderma Mavala - Cuidado Fortalecedor para as Unhas - 10ml,https://www.epocacosmeticos.com.br/mavaderma-mavala-cuidado-fortalecedor-para-as-unhas/p
Base Endurecedora Impala Casco de Cavalo - Época Cosméticos,"Base Endurecedora Impala Casco de Cavalo - 7,5ml",https://www.epocacosmeticos.com.br/base-endurecedora-impala-casco-de-cavalo/p
Unhas Autocolantes Filha Única Simphony ImPRESS - Unhas Postiças - Época Cosméticos,Unhas Autocolantes Filha Única Simphony ImPRESS - Unhas Postiças - 1 Unidade,https://www.epocacosmeticos.com.br/unhas-autocolantes-filha-unica-simphony-impress-unhas-posticas/p
Esmalte Dior - Vernis Edição Limitada - Época Cosméticos,Esmalte Dior - Vernis Edição Limitada - 550 - Tease,https://www.epocacosmeticos.com.br/esmalte-dior-vernis-edicao-limitada/p
Esmalte Dior - Vernis Edição Limitada - Época Cosméticos,Esmalte Dior - Vernis Edição Limitada - 684 - Diablo,https://www.epocacosmeticos.com.br/esmalte-dior-vernis-edicao-limitada/p
Esmalte Dior - Vernis Edição Limitada - Época Cosméticos,Esmalte Dior - Vernis Edição Limitada - 877 - Turn Me Dior,https://www.epocacosmeticos.com.br/esmalte-dior-vernis-edicao-limitada/p
Esmalte Dior - Vernis Edição Limitada - Época Cosméticos,Esmalte Dior - Vernis Edição Limitada - 924 - Sauvage,https://www.epocacosmeticos.com.br/esmalte-dior-vernis-edicao-limitada/p
Esmalte Bourjois La Laque Gel - Época Cosméticos,Esmalte Bourjois La Laque Gel - 06 Fuchsia Obella,https://www.epocacosmeticos.com.br/esmalte-bourjois-la-laque-gel/p
Esmalte Bourjois La Laque Gel - Época Cosméticos,Esmalte Bourjois La Laque Gel - 07 Lycheers,https://www.epocacosmeticos.com.br/esmalte-bourjois-la-laque-gel/p
Esmalte Bourjois La Laque Gel - Época Cosméticos,Esmalte Bourjois La Laque Gel - 14 Pink Pocket,https://www.epocacosmeticos.com.br/esmalte-bourjois-la-laque-gel/p
Esmalte Bourjois La Laque Gel - Época Cosméticos,Esmalte Bourjois La Laque Gel - 03 Orange Otrant,https://www.epocacosmeticos.com.br/esmalte-bourjois-la-laque-gel/p
Esmalte Bourjois La Laque Gel - Época Cosméticos,Esmalte Bourjois La Laque Gel - 04 Flambant Rose,https://www.epocacosmeticos.com.br/esmalte-bourjois-la-laque-gel/p
Esmalte Bourjois La Laque Gel - Época Cosméticos,Esmalte Bourjois La Laque Gel - 08 Cherry Damour,https://www.epocacosmeticos.com.br/esmalte-bourjois-la-laque-gel/p
Esmalte Bourjois La Laque Gel - Época Cosméticos,Esmalte Bourjois La Laque Gel - 10 Beach Violet,https://www.epocacosmeticos.com.br/esmalte-bourjois-la-laque-gel/p
Esmalte Bourjois La Laque Gel - Época Cosméticos,Esmalte Bourjois La Laque Gel - 13 Reddy For Love,https://www.epocacosmeticos.com.br/esmalte-bourjois-la-laque-gel/p
Unhas Postiças Kiss New York 36 Unhas com Cola para os Pés - Época Cosméticos,Unhas Postiças Kiss New York 36 Unhas com Cola para os Pés - 1 Unidade,https://www.epocacosmeticos.com.br/unhas-posticas-kiss-new-york-36-unhas-com-cola-para-os-pes/p
Unhas Postiças Kiss NY Impress Color Médio Pretty - Época Cosméticos,Unhas Postiças Kiss NY Impress Color Médio Pretty - 1 Unidade,https://www.epocacosmeticos.com.br/unhas-posticas-kiss-ny-impress-color-medio-pretty/p
Unhas Postiças Kiss NY Impress Color Médio Reminisce - Época Cosméticos,Unhas Postiças Kiss NY Impress Color Médio Reminisce - 1 Unidade,https://www.epocacosmeticos.com.br/unhas-posticas-kiss-ny-impress-color-medio-reminisce/p
Unhas Autocolantes ImPRESS Vintage Curto - Época Cosméticos,Unhas Autocolantes ImPRESS Vintage Curto - 1 Unidade,https://www.epocacosmeticos.com.br/unhas-autocolantes-inpress-vintage-trip/p
Esmalte Entre No Ritmo Vult - Esmalte - Época Cosméticos,Esmalte Entre No Ritmo Vult - Esmalte - Blues,https://www.epocacosmeticos.com.br/esmalte-entre-no-ritmo-vult-esmalte/p
Esmalte Entre No Ritmo Vult - Esmalte - Época Cosméticos,Esmalte Entre No Ritmo Vult - Esmalte - Hit Parade,https://www.epocacosmeticos.com.br/esmalte-entre-no-ritmo-vult-esmalte/p
Esmalte Entre No Ritmo Vult - Esmalte - Época Cosméticos,Esmalte Entre No Ritmo Vult - Esmalte - Parada de Sucesso,https://www.epocacosmeticos.com.br/esmalte-entre-no-ritmo-vult-esmalte/p
Esmalte Entre No Ritmo Vult - Esmalte - Época Cosméticos,Esmalte Entre No Ritmo Vult - Esmalte - Aumenta o Som,https://www.epocacosmeticos.com.br/esmalte-entre-no-ritmo-vult-esmalte/p
Esmalte Entre No Ritmo Vult - Esmalte - Época Cosméticos,Esmalte Entre No Ritmo Vult - Esmalte - Hip Hop,https://www.epocacosmeticos.com.br/esmalte-entre-no-ritmo-vult-esmalte/p
Esmalte Entre No Ritmo Vult - Esmalte - Época Cosméticos,Esmalte Entre No Ritmo Vult - Esmalte - Folk,https://www.epocacosmeticos.com.br/esmalte-entre-no-ritmo-vult-esmalte/p
Esmalte Entre No Ritmo Vult - Esmalte - Época Cosméticos,Esmalte Entre No Ritmo Vult - Esmalte - Soundtrack,https://www.epocacosmeticos.com.br/esmalte-entre-no-ritmo-vult-esmalte/p
Esmalte Entre No Ritmo Vult - Esmalte - Época Cosméticos,Esmalte Entre No Ritmo Vult - Esmalte - Guitar,https://www.epocacosmeticos.com.br/esmalte-entre-no-ritmo-vult-esmalte/p
Esmalte Entre No Ritmo Vult - Esmalte - Época Cosméticos,Esmalte Entre No Ritmo Vult - Esmalte - Turn On,https://www.epocacosmeticos.com.br/esmalte-entre-no-ritmo-vult-esmalte/p
Esmalte Entre No Ritmo Vult - Esmalte - Época Cosméticos,Esmalte Entre No Ritmo Vult - Esmalte - Sound,https://www.epocacosmeticos.com.br/esmalte-entre-no-ritmo-vult-esmalte/p
Esmalte Entre No Ritmo Vult - Esmalte - Época Cosméticos,Esmalte Entre No Ritmo Vult - Esmalte - Na Batida,https://www.epocacosmeticos.com.br/esmalte-entre-no-ritmo-vult-esmalte/p
Esmalte Entre No Ritmo Vult - Esmalte - Época Cosméticos,Esmalte Entre No Ritmo Vult - Esmalte - Remix,https://www.epocacosmeticos.com.br/esmalte-entre-no-ritmo-vult-esmalte/p
Unhas Naturais Quadrado Curto com Cola First Kiss - Unhas Postiças - Época Cosméticos,Unhas Naturais Quadrado Curto com Cola First Kiss - Unhas Postiças - Kit com 36 Unidades,https://www.epocacosmeticos.com.br/unhas-naturais-quadrado-curto-com-cola-first-kiss-unhas-posticas/p
Precision First Kiss - Cola para Unhas - Época Cosméticos,Precision First Kiss - Cola para Unhas - 3g,https://www.epocacosmeticos.com.br/precision-first-kiss-cola-para-unhas/p
Brush-On First Kiss - Cola de Unha - Época Cosméticos,Brush-On First Kiss - Cola de Unha - 5g,https://www.epocacosmeticos.com.br/brush-on-first-kiss-cola-de-unha/p
Unhas de Gel Curtas Autocolantes Kiss & Tell imPRESS Copy Copy - Época Cosméticos,Unhas de Gel Curtas Autocolantes imPRESS - Unhas Postiças - 1 Unidade,https://www.epocacosmeticos.com.br/unhas-de-gel-curtas-autocolantes-impress-kiss-e-tell-matchmaker/p
Unhas de Gel Halo Médias Autocolantes imPRESS Beautifull Night - Época Cosméticos,Unhas de Gel Médias Autocolantes imPRESS - Unhas Postiças - 1 Unidade,https://www.epocacosmeticos.com.br/unhas-de-gel-medias-autocolantes-impress-unhas-posticas-beautifull-night/p
Óleo Secante Melaleuca Impala - Esmalte de Tratamento - Época Cosméticos,"Óleo Secante Melaleuca Impala - Esmalte de Tratamento - 7,5ml",https://www.epocacosmeticos.com.br/oleo-secante-melaleuca-impala-esmalte-de-tratamento/p
Cobertura Extra Fosca Impala - Esmalte de Acabamento - Época Cosméticos,Cobertura Extra Fosca Impala - Esmalte de Acabamento - 348,https://www.epocacosmeticos.com.br/cobertura-extra-fosca-impala-esmalte-de-acabamento/p
Unhas Postiças Auto Colantes 32 Tea Time Bisou - Época Cosméticos,Unhas Postiças Auto Colantes Bisou - Unhas Postiças - 1 Unidade,https://www.epocacosmeticos.com.br/unhas-posticas-auto-colantes-32-tea-time-bisou-unhas-posticas/p
Unhas Postiças Auto Colantes 59 Black Is Black Bisou - Época Cosméticos,Unhas Postiças Auto Colantes Bisou - Unhas Postiças - 1 Unidade,https://www.epocacosmeticos.com.br/unhas-posticas-auto-colantes-59-black-is-black-bisou-unhas-posticas/p
Clean My Nails To Go Océane - Lenços Removedores de Esmaltes - Época Cosméticos,Clean My Nails To Go Océane - Lenços Removedores de Esmaltes - 1 Unidade,https://www.epocacosmeticos.com.br/clean-my-nails-to-go-oceane-lencos-removedores-de-esmalte/p
Cabine LED Profissional First Kiss - Cabine para Secagem de Esmaltes em Gel e Acrygel - Época Cosméticos,Cabine LED Profissional First Kiss - Cabine para Secagem de Esmaltes - 1 Unidade,https://www.epocacosmeticos.com.br/cabine-led-profissional-first-kiss-cabine-para-secagem-de-esmaltes-em-gel-e-acrygel/p
3D Gel Top Coat Bourjois - Cobertura Extrabrilho - Época Cosméticos,3D Gel Top Coat Bourjois - Cobertura Extrabrilho - 10ml,https://www.epocacosmeticos.com.br/3d-gel-top-coat-bourjois-cobertura-extrabrilho/p
Cuticle Remover Mavala - Removedor de Cutículas - Época Cosméticos,Cuticle Remover Mavala - Removedor de Cutículas - 10ml,https://www.epocacosmeticos.com.br/cuticle-remover-mavala-removedor-de-cuticulas/p
Barrière-Base Mavala - Base Protetora para Unhas Frágeis - Época Cosméticos,Barrière-Base Mavala - Base Protetora para Unhas Frágeis - 10ml,https://www.epocacosmeticos.com.br/barriere-base-mavala-base-protetora-para-unhas-frageis/p
So Perfect Base Correctrice Bourjois - Base Líquida para Unhas - Época Cosméticos,So Perfect Base Correctrice Bourjois - Base Líquida para Unhas - 10ml,https://www.epocacosmeticos.com.br/so-perfect-base-correctrice-bourjois-base-liquida-para-unhas/p
Ridge Filler  Mavala - Tratamento para Unhas Estriadas - Época Cosméticos,Ridge Filler Mavala - Tratamento para Unhas Estriadas - 10ml,https://www.epocacosmeticos.com.br/ongle-lisse-mavala-tratamento-para-unhas-estriadas/p
Mini Nail Rescue Kit Tweezerman - Mini Kit Manicure - Época Cosméticos,Mini Nail Rescue Kit Tweezerman - Mini Kit Manicure,https://www.epocacosmeticos.com.br/mini-nail-rescue-kit-tweezerman-mini-kit-manicure/p
Mava-White Mavala - Clareador Ótico para as Unhas - Época Cosméticos,Mava-White Mavala - Clareador Ótico para as Unhas - 10ml,https://www.epocacosmeticos.com.br/mava-white-mavala-clareador-otico-para-as-unhas/p
Mavala Mini Color 5ml - Esmalte Super Base - Época Cosméticos,Mavala Mini Color 5ml - Esmalte Super Base - 40 - Super Base,https://www.epocacosmeticos.com.br/mavala-mini-color-5ml-esmalte-super-base/p
Le Vernis Givenchy - Esmalte - Época Cosméticos,Le Vernis Givenchy - Esmalte - 03 - Rose Taffetas,https://www.epocacosmeticos.com.br/le-vernis-givenchy-esmalte/p
Le Vernis Givenchy - Esmalte - Época Cosméticos,Le Vernis Givenchy - Esmalte - 06 - Carmin Escarpin,https://www.epocacosmeticos.com.br/le-vernis-givenchy-esmalte/p
Le Vernis Givenchy - Esmalte - Época Cosméticos,Le Vernis Givenchy - Esmalte - 07 - Grenat Initié,https://www.epocacosmeticos.com.br/le-vernis-givenchy-esmalte/p
Le Vernis Givenchy - Esmalte - Época Cosméticos,Le Vernis Givenchy - Esmalte - 14 - Bronze,https://www.epocacosmeticos.com.br/le-vernis-givenchy-esmalte/p
Le Vernis Givenchy - Esmalte - Época Cosméticos,Le Vernis Givenchy - Esmalte - N22,https://www.epocacosmeticos.com.br/le-vernis-givenchy-esmalte/p
Unhas Postiças Kiss New York - Salon Natural Curto Quadrado com Aba - Época Cosméticos,Unhas Postiças Kiss New York - Salon Natural Curto Quadrado com Aba - 1 Unidade,https://www.epocacosmeticos.com.br/unhas-posticas-kiss-new-york-salon-natural-curto-quadrado-com-aba/p
Unhas Postiças Kiss New York - Salon Natural Médio Quadrado - Época Cosméticos,Unhas Postiças Kiss New York - Salon Natural Médio Quadrado - 1 Unidade,https://www.epocacosmeticos.com.br/unhas-posticas-kiss-new-york-salon-natural-medio-quadrado/p
Creme Hidratante para Unhas e Cutículas Dermage Nail Force - Época Cosméticos,Creme Hidratante para Unhas e Cutículas Dermage Nail Force - 15g,https://www.epocacosmeticos.com.br/creme-hidratante-para-unhas-e-cuticulas-dermage-nail-force/p
Esmalte Incolor Impala Blister - Época Cosméticos,Esmalte Incolor Impala Blister - 1 Unidade,https://www.epocacosmeticos.com.br/esmalte-incolor-impala-blister/p
Base Vitaminada Impala Blister - Época Cosméticos,Base Vitaminada Impala Blister - 1 Unidade,https://www.epocacosmeticos.com.br/base-vitaminada-impala-blister/p
Esmalte Dior - Vernis Lacquer - Época Cosméticos,Esmalte Dior - Vernis Lacquer - 614 - Jungle Matte,https://www.epocacosmeticos.com.br/esmalte-dior-vernis-lacquer/p
Esmalte Dior - Vernis Lacquer - Época Cosméticos,Esmalte Dior - Vernis Lacquer - 979 - Poison Metal,https://www.epocacosmeticos.com.br/esmalte-dior-vernis-lacquer/p
Esmalte Dior - Vernis Lacquer - Época Cosméticos,Esmalte Dior - Vernis Lacquer - 999 - Matte,https://www.epocacosmeticos.com.br/esmalte-dior-vernis-lacquer/p
Esmalte Dior - Vernis Edição Limitada - Época Cosméticos,Esmalte Dior - Vernis Edição Limitada - 337 - Enigma,https://www.epocacosmeticos.com.br/esmalte-dior-vernis-edicao-limitada-2017/p
Esmalte Dior - Vernis Edição Limitada - Época Cosméticos,Esmalte Dior - Vernis Edição Limitada - 612 - Metallics,https://www.epocacosmeticos.com.br/esmalte-dior-vernis-edicao-limitada-2017/p
Esmalte Dior - Vernis Edição Limitada - Época Cosméticos,Esmalte Dior - Vernis Edição Limitada - 742,https://www.epocacosmeticos.com.br/esmalte-dior-vernis-edicao-limitada-2017/p
Esmalte Dior - Vernis Edição Limitada - Época Cosméticos,Esmalte Dior - Vernis Edição Limitada - 917 - Paradox,https://www.epocacosmeticos.com.br/esmalte-dior-vernis-edicao-limitada-2017/p
Salon Color New Girl First Kiss - Unhas Postiças - Época Cosméticos,Salon Color New Girl First Kiss - Unhas Postiças - 1 Unidade,https://www.epocacosmeticos.com.br/salon-color-new-girl-first-kiss-unhas-posticas/p
Salon Color Bonita First Kiss - Unhas Postiças - Época Cosméticos,Salon Color Bonita First Kiss - Unhas Postiças - 1 Unidade,https://www.epocacosmeticos.com.br/salon-color-bonita-first-kiss-unhas-posticas/p
Unhas Postiças Belliz - Nude - Época Cosméticos,Unhas Postiças Belliz - Nude - 1 Unidade,https://www.epocacosmeticos.com.br/unhas-posticas-belliz-nude/p
Unhas Postiças Belliz - Com Curvatura - Época Cosméticos,Unhas Postiças Belliz - Com Curvatura - 1 Unidade,https://www.epocacosmeticos.com.br/unhas-posticas-belliz-com-curvatura/p
Base para Unha - Revlon Quick Dry Base Coat - Época Cosméticos,"Base para Unha - Revlon Quick Dry Base Coat - 14,7ml",https://www.epocacosmeticos.com.br/base-para-unha-revlon-quick-dry-base-coat/p
Base para Unha – Revlon Multi-Care 2In1+ Top Coat - Época Cosméticos,"Base para Unha - Revlon Multi-Care 2In1+ Top Coat - 14,7ml",https://www.epocacosmeticos.com.br/base-para-unha-revlon-multi-care-2in1-top-coat/p
Cobertura Fixadora Bourjois - Le Top Coat Gel Color Lock - Época Cosméticos,Cobertura Fixadora Bourjois - Le Top Coat Gel Color Lock - 10ml,https://www.epocacosmeticos.com.br/cobertura-fixadora-bourjois-gel-le-top-coat-color-lock/p
Lixa Kiss New 4 Em 1 Modeladora de Unha - Época Cosméticos,Lixa Kiss New 4 Em 1 Modeladora de Unha - 1 Unidade,https://www.epocacosmeticos.com.br/lixa-kiss-new-4-em-1-modeladora-de-unha/p
Unhas Postiças Kiss NY Impress Color Curto Trend Alert - Época Cosméticos,Unhas Postiças Kiss NY Impress Color Curto Trend Alert - 1 Unidade,https://www.epocacosmeticos.com.br/unhas-posticas-kiss-ny-impress-color-curto-trend-alert/p
Kit de Unhas Relaxbeauty - Nail Care 5 In 1 Ana Hickmann - Época Cosméticos,Kit de Unhas Relaxbeauty - Nail Care 5 In 1 Ana Hickmann,https://www.epocacosmeticos.com.br/kit-de-unhas-relaxbeauty-nail-care-5-in-1-ana-hickman-rb-km0602/p
Lenços Umedecidos Removedores de Esmaltes Ricca - Época Cosméticos,Lenços Umedecidos Removedores de Esmaltes Ricca - 32 Unidades,https://www.epocacosmeticos.com.br/lencos-umedecidos-removedores-de-esmaltes-ricca/p
Esmalte Cremoso I Love Candy Vult - Esmalte - Época Cosméticos,Esmalte Cremoso I Love Candy Vult - Esmalte - Baleiro,https://www.epocacosmeticos.com.br/esmalte-cremoso-i-love-candy-vult-esmalte/p
Esmalte Cremoso I Love Candy Vult - Esmalte - Época Cosméticos,Esmalte Cremoso I Love Candy Vult - Esmalte - Mousse de Limao,https://www.epocacosmeticos.com.br/esmalte-cremoso-i-love-candy-vult-esmalte/p
Esmalte Cremoso I Love Candy Vult - Esmalte - Época Cosméticos,Esmalte Cremoso I Love Candy Vult - Esmalte - Macaron,https://www.epocacosmeticos.com.br/esmalte-cremoso-i-love-candy-vult-esmalte/p
Esmalte Cremoso I Love Candy Vult - Esmalte - Época Cosméticos,Esmalte Cremoso I Love Candy Vult - Esmalte - Bombocado,https://www.epocacosmeticos.com.br/esmalte-cremoso-i-love-candy-vult-esmalte/p
Esmalte Cremoso I Love Candy Vult - Esmalte - Época Cosméticos,Esmalte Cremoso I Love Candy Vult - Esmalte - Confeito,https://www.epocacosmeticos.com.br/esmalte-cremoso-i-love-candy-vult-esmalte/p
Unhas Postiças Auto Colantes 22 Sweet Pink Bisou - Época Cosméticos,Unhas Postiças Auto Colantes Bisou - Unhas Postiças - 1 Unidade,https://www.epocacosmeticos.com.br/unhas-posticas-auto-colantes-bisou-unhas-posticas-22-sweet-pink/p
Tips Naturais Curtas First Kiss - Unhas Postiças - Época Cosméticos,Tips Naturais Curtas First Kiss - Unhas Postiças - 120 Unidades,https://www.epocacosmeticos.com.br/tips-naturais-curtas-first-kiss-unhas-posticas/p
Unhas Autocolantes Filha Única ImPRESS - Unhas Postiças - Época Cosméticos,Unhas Autocolantes Filha Única ImPRESS - Unhas Postiças - 1 Unidade,https://www.epocacosmeticos.com.br/unhas-autocolantes-filha-unica-impress-unhas-posticas/p
Esmalte Spray Nail Spray 368 Preto + 2 em 1 Base e Verniz Impala - Época Cosméticos,Esmalte Spray Nail Spray 368 Preto + 2 em 1 Base e Verniz Impala - Kit,https://www.epocacosmeticos.com.br/esmalte-spray-nail-spray-368-preto-2-em-1-base-e-verniz-impala/p
Esmalte Spray Nail Spray 369 Branco + 2 em 1 Base e Verniz Impala - Época Cosméticos,Esmalte Spray Nail Spray 369 Branco + 2 em 1 Base e Verniz Impala - Kit,https://www.epocacosmeticos.com.br/esmalte-spray-nail-spray-369-branco-2-em-1-banho-e-verniz-impala/p
Classic Curva 423 Mundial - Tesoura para Unha 3 ½ - Época Cosméticos,Classic Curva 423 Mundial - Tesoura para Unha 3 ½ - 1 Unidade,https://www.epocacosmeticos.com.br/classic-curva-423-mundial-tesoura-para-unha-3/p
Kit Decorativo Francesinha Impala - Época Cosméticos,"Kit Decorativo Francesinha Impala - 2x 7,5ml e 2 Cartelas de Adesivos",https://www.epocacosmeticos.com.br/kit-decorativo-francesinha-impala/p
Esmalte La Laque Bourjois - Época Cosméticos,La Laque Bourjois - Esmalte - 1 - White Spirit,https://www.epocacosmeticos.com.br/la-laque-bourjois-esmalte/p
Esmalte La Laque Bourjois - Época Cosméticos,La Laque Bourjois - Esmalte - 9 - Marron Show,https://www.epocacosmeticos.com.br/la-laque-bourjois-esmalte/p
Esmalte La Laque Bourjois - Época Cosméticos,La Laque Bourjois - Esmalte - 11 - Only Bluuuue,https://www.epocacosmeticos.com.br/la-laque-bourjois-esmalte/p
Unhas Postiças Auto Colantes 66 Every Women Bisou - Época Cosméticos,Unhas Postiças Auto Colantes Bisou - Unhas Postiças - 1 Unidade,https://www.epocacosmeticos.com.br/unhas-posticas-auto-colantes-66-every-women-bisou-unhas-posticas/p
Unhas Postiças Auto Colantes 44 Velvet Touch Bisou - Época Cosméticos,Unhas Postiças Auto Colantes Bisou - Unhas Postiças - 1 Unidade,https://www.epocacosmeticos.com.br/unhas-posticas-auto-colantes-44-velvet-touch-bisou-unhas-posticas/p
Unhas Postiças Auto Colantes 63 Princess Laila Bisou - Época Cosméticos,Unhas Postiças Auto Colantes Bisou - Unhas Postiças - 1 Unidade,https://www.epocacosmeticos.com.br/unhas-posticas-auto-colantes-63-princess-laila-bisou-unhas-posticas/p
Unhas Postiças Auto Colantes  18 Simply Perfect Bisou - Época Cosméticos,Unhas Postiças Auto Colantes Bisou - Unhas Postiças - 1 Unidade,https://www.epocacosmeticos.com.br/unhas-posticas-auto-colantes-18-simply-perfect-bisou-unhas-posticas/p
Golden Tools Espátula Dupla para Cutícula Océane - Empurrador e Raspador de Cutícula - Época Cosméticos,Golden Tools Espátula Dupla para Cutícula Océane - Empurrador e Raspador de Cutícula - 1 Unidade,https://www.epocacosmeticos.com.br/golden-tools-espatula-dupla-para-cuticula-oceane-empurrador-e-raspador-de-cuticula/p
Oil Seal Dryer Mavala - Óleo Secante - Época Cosméticos,Oil Seal Dryer Mavala - Óleo Secante - 10ml,https://www.epocacosmeticos.com.br/oil-seal-dryer-mavala-oleo-secante/p
So Laque Glossy Bourjois - Esmalte - Época Cosméticos,So Laque Glossy Bourjois - Esmalte - Prepp Hibicus,https://www.epocacosmeticos.com.br/so-laque-glossy-bourjois-esmalte/p
So Laque Glossy Bourjois - Esmalte - Época Cosméticos,So Laque Glossy Bourjois - Esmalte - Coton Sur Ton,https://www.epocacosmeticos.com.br/so-laque-glossy-bourjois-esmalte/p
So Laque Glossy Bourjois - Esmalte - Época Cosméticos,So Laque Glossy Bourjois - Esmalte - Peach and Love,https://www.epocacosmeticos.com.br/so-laque-glossy-bourjois-esmalte/p
So Laque Glossy Bourjois - Esmalte - Época Cosméticos,So Laque Glossy Bourjois - Esmalte - Taupe Modèle,https://www.epocacosmeticos.com.br/so-laque-glossy-bourjois-esmalte/p
So Laque Glossy Bourjois - Esmalte - Época Cosméticos,So Laque Glossy Bourjois - Esmalte - Ciel Mon Vernis,https://www.epocacosmeticos.com.br/so-laque-glossy-bourjois-esmalte/p
So Laque Glossy Bourjois - Esmalte - Época Cosméticos,So Laque Glossy Bourjois - Esmalte - Indispensable,https://www.epocacosmeticos.com.br/so-laque-glossy-bourjois-esmalte/p
So Laque Glossy Bourjois - Esmalte - Época Cosméticos,So Laque Glossy Bourjois - Esmalte - Pamplemousse,https://www.epocacosmeticos.com.br/so-laque-glossy-bourjois-esmalte/p
So Laque Glossy Bourjois - Esmalte - Época Cosméticos,So Laque Glossy Bourjois - Esmalte - Succesazure,https://www.epocacosmeticos.com.br/so-laque-glossy-bourjois-esmalte/p
So Laque Glossy Bourjois - Esmalte - Época Cosméticos,So Laque Glossy Bourjois - Esmalte - Tombee a Pink,https://www.epocacosmeticos.com.br/so-laque-glossy-bourjois-esmalte/p
Dissolvant Extra-Doux Mavala - Removedor de Esmaltes - Época Cosméticos,Dissolvant Extra-Doux Mavala - Removedor de Esmaltes - 100ml,https://www.epocacosmeticos.com.br/dissolvant-extra-doux-mavala-removedor-de-esmaltes/p
Crème Cuticule Mavala - Tratamento Diário para as Cutículas - Época Cosméticos,Crème Cuticule Mavala - Tratamento Diário para as Cutículas - 15ml,https://www.epocacosmeticos.com.br/creme-cuticule-mavala-tratamento-diario-para-as-cuticulas/p
Mini Color Mavala - Secante de Esmaltes - Época Cosméticos,Mini Color Mavala - Secante de Esmaltes - 5ml,https://www.epocacosmeticos.com.br/mini-color-mavala-secante-de-esmaltes/p
Impress Unhas Autocolantes First Kiss - Unhas Curtas Lisas - Época Cosméticos,Impress Unhas Autocolantes First Kiss - Unhas Curtas Lisas - 1 Unidade,https://www.epocacosmeticos.com.br/impress-unhas-autocolantes-first-kiss-unhas-curtas-lisas/p
Salon Color Chic First Kiss - Unhas Postiças - Época Cosméticos,Salon Color Chic First Kiss - Unhas Postiças - 1 Unidade,https://www.epocacosmeticos.com.br/salon-color-chic-first-kiss-unhas-posticas/p
Salon Color Beautiful First Kiss - Unhas Postiças - Época Cosméticos,Salon Color Beautiful First Kiss - Unhas Postiças - 1 Unidade,https://www.epocacosmeticos.com.br/salon-beautiful-color-first-kiss-unhas-posticas/p
Unhas Naturais sem Cola Natural Oval Médio First Kiss - Unhas Postiças - Época Cosméticos,Unhas Naturais sem Cola Natural Oval Médio First Kiss - Unhas Postiças - 1 Unidade,https://www.epocacosmeticos.com.br/unhas-naturais-sem-cola-first-natural-oval-medio-kiss-unhas-posticas/p
Clean My Nails To Go Vanilla Océane - Lenços Removedores de Esmaltes - Época Cosméticos,Clean My Nails To Go Vanilla Océane - Lenços Removedores de Esmaltes - 1 Unidade,https://www.epocacosmeticos.com.br/clean-my-nails-to-go-vanilla-oceane-lencos-removedores-de-esmalte/p
Kit Risqué Mulher Maravilha - Azul + Vermelho + Dourado - Época Cosméticos,Risqué Mulher Maravilha Kit Azul Estrelado + Vermelho Maravilha + Dourado de Verdade,https://www.epocacosmeticos.com.br/risque-mulher-maravilha-kit-azul-estrelado-vermelho-maravilha-dourado-de-verdade/p
Unhas Postiças Kiss NY Impress Color Médio Bittersweet - Época Cosméticos,Unhas Postiças Kiss NY Impress Color Médio Bittersweet - 1 Unidade,https://www.epocacosmeticos.com.br/unhas-posticas-kiss-ny-impress-color-medio-bittersweet/p
Kit Manicure Infantil Ricca - Época Cosméticos,Kit Manicure Infantil Ricca,https://www.epocacosmeticos.com.br/kit-manicure-infantil-ricca/p
Mavapen Nourishing Oil Cuticles Mavala - Caneta Nutritiva para Cutículas - Época Cosméticos,"Mavapen Nourishing Oil Cuticles Mavala - Caneta Nutritiva para Cutículas - 4,5ml",https://www.epocacosmeticos.com.br/mavapen-nourishing-oil-cuticles-mavala-caneta-nutritiva-para-cuticulas/p
Spray Secante Impala - Spray Secante de Esmalte - Época Cosméticos,Spray Secante Impala - Spray Secante de Esmalte - 400ml,https://www.epocacosmeticos.com.br/spray-secante-impala-spray-secante-de-esmalte/p
Kit Esmalticons Impala - Nécessaire + Esmalte De Boa - Época Cosméticos,Kit Esmalticons Impala - Nécessaire + Esmalte - De Boa,https://www.epocacosmeticos.com.br/kit-esmalticons-impala-necessaire-esmalte-de-boa/p
Power File To Go Kiss NY - Lixa Portátil Elétrica - Época Cosméticos,Power File To Go Kiss NY - Lixa Portátil Elétrica - 1 Unidade,https://www.epocacosmeticos.com.br/power-file-to-go-kiss-ny-lixa-portatil-eletrica/p
Pocket Power File First Kiss - Lixa Portátil - Época Cosméticos,Pocket Power File First Kiss - Lixa Portátil - 1 Unidade,https://www.epocacosmeticos.com.br/pocket-power-file-kiss-ny-lixa-portatil/p
Full-Cover Nail Stickers First Kiss - Adesivo de Unha - Época Cosméticos,Full-Cover Nail Stickers First Kiss - Adesivo de Unha - Crown Me,https://www.epocacosmeticos.com.br/full-cover-nail-stickers-first-kiss-adesivo-de-unha/p
Full-Cover Nail Stickers First Kiss - Adesivo de Unha - Época Cosméticos,Full-Cover Nail Stickers First Kiss - Adesivo de Unha - Smackdow,https://www.epocacosmeticos.com.br/full-cover-nail-stickers-first-kiss-adesivo-de-unha/p
Full-Cover Nail Stickers First Kiss - Adesivo de Unha - Época Cosméticos,Full-Cover Nail Stickers First Kiss - Adesivo de Unha - Smooth,https://www.epocacosmeticos.com.br/full-cover-nail-stickers-first-kiss-adesivo-de-unha/p
Full-Cover Nail Stickers First Kiss - Adesivo de Unha - Época Cosméticos,Full-Cover Nail Stickers First Kiss - Adesivo de Unha - Wow Fact,https://www.epocacosmeticos.com.br/full-cover-nail-stickers-first-kiss-adesivo-de-unha/p
Kit de Cuidado para Unhas Sandy 756S Mundial - Época Cosméticos,Kit de Cuidado para Unhas Sandy 756S Mundial,https://www.epocacosmeticos.com.br/kit-de-cuidado-para-unhas-sandy-756s-mundial/p
Esmalte Spray Nail Spray 372 Roxo + 2 em 1 Base e Verniz Impala - Época Cosméticos,Esmalte Spray Nail Spray 372 Roxo + 2 em 1 Base e Verniz Impala - Kit,https://www.epocacosmeticos.com.br/esmalte-spray-nail-spray-372-roxo-2-em-1-base-e-verniz-impala/p
Esmalte Spray Nail Spray 371 Azul + 2 em 1 Base e Verniz Impala - Época Cosméticos,Esmalte Spray Nail Spray 371 Azul + 2 em 1 Base e Verniz Impala - Kit,https://www.epocacosmeticos.com.br/esmalte-spray-nail-spray-371-azul-2-em-1-base-e-verniz-impala/p
Kit de Cuidado de Beleza BC-06 Classic Mundial - Época Cosméticos,Kit de Cuidado de Beleza BC-06 Classic Mundial,https://www.epocacosmeticos.com.br/kit-de-cuidado-de-beleza-bc-06-classic-mundial/p
Alicate para Cuticula Mundial 722 Professional - Alicate de Unha - Época Cosméticos,Alicate para Cuticula Mundial 722 Professional - Alicate de Unha - 1 Unidade,https://www.epocacosmeticos.com.br/alicate-para-cuticula-mundial-722-professional-alicate-de-unha/p
Alicate para Cuticula Blister Afiado Mundial 522AP Classic - Alicate de Unha - Época Cosméticos,Alicate para Cuticula Blister Afiado Mundial 522AP Classic - Alicate de Unha - 1 Unidade,https://www.epocacosmeticos.com.br/alicate-para-cuticula-blister-afiado-mundial-522ap-classic-alicate-de-unha/p
Alicate para Cuticula Mundial 522 Classsic - Alicate de Unha - Época Cosméticos,Alicate para Cuticula Mundial 522 Classsic - Alicate de Unha - 1 Unidade,https://www.epocacosmeticos.com.br/alicate-para-cuticula-mundial-522-classsic-alicate-de-unha/p
Unhas Postiças Auto Colantes 77 Euphoria Bisou - Época Cosméticos,Unhas Postiças Auto Colantes Bisou - Unhas Postiças - 1 Unidade,https://www.epocacosmeticos.com.br/unhas-posticas-auto-colantes-77-euphoria-bisou-unhas-posticas/p
Unhas Postiças Auto Colantes 01 The Queen Bisou - Época Cosméticos,Unhas Postiças Auto Colantes Bisou - Unhas Postiças - 1 Unidade,https://www.epocacosmeticos.com.br/unhas-posticas-auto-colantes-01-the-queen-bisou-unhas-posticas/p
Unhas Postiças Auto Colantes 06 Valentina's Day Bisou - Época Cosméticos,Unhas Postiças Auto Colantes Bisou - Unhas Postiças - 1 Unidade,https://www.epocacosmeticos.com.br/unhas-posticas-auto-colantes-06-valentinas-day-bisou-unhas-posticas/p
Magic Nail Polish Remover Bourjois - Removedor de Esmaltes - Época Cosméticos,Magic Nail Polish Remover Bourjois - Removedor de Esmaltes - 75ml,https://www.epocacosmeticos.com.br/magic-nail-polish-remover-bourjois-removedor-de-esmaltes/p
Nailactan Cream Mavala - Creme Fortalecedor de Unhas - Época Cosméticos,Nailactan Cream Mavala - Creme Fortalecedor de Unhas - 15ml,https://www.epocacosmeticos.com.br/nailactan-cream-mavala-creme-fortalecedor-de-unhas/p
Cortador de Unha Mundial BC-129CD - Época Cosméticos,Cortador de Unha Mundial BC-129CD - 1 Unidade,https://www.epocacosmeticos.com.br/cortador-de-unha-mundial-bc-129cd/p
Unhas Postiças Kiss New York - Salon Natural Médio Oval - Época Cosméticos,Unhas Postiças Kiss New York - Salon Natural Médio Oval - 1 Unidade,https://www.epocacosmeticos.com.br/unhas-posticas-kiss-new-york-salon-natural-medio-oval/p
Kit de Cuidado Pessoal BC-402 Mundial - Época Cosméticos,Kit de Cuidado Pessoal BC-402 Mundial,https://www.epocacosmeticos.com.br/kit-de-cuidado-pessoal-bc-402-mundial/p
Kit de Cuidados para Unhas BC-11 - Mundial - Época Cosméticos,Kit de Cuidados para Unhas BC-11 - Mundial,https://www.epocacosmeticos.com.br/kit-de-cuidados-para-unhas-bc-11-mundial/p
Kit de Cuidados para Unhas Flex BC-10M - Mundial - Época Cosméticos,Kit de Cuidados para Unhas Flex BC-10M - Mundial,https://www.epocacosmeticos.com.br/kit-de-cuidados-para-unhas-floex-bc-10m-mundial/p
Kit Masculino de Cuidados Pessoais BC-07 - Mundial - Época Cosméticos,Kit Masculino de Cuidados Pessoais BC-07 - Mundial,https://www.epocacosmeticos.com.br/kit-masculino-de-cuidados-pessoais-bc-07-mundial/p
Kit Masculino de Cuidados Pessoais Completo BC-09 - Mundial - Época Cosméticos,Kit Masculino de Cuidados Pessoais Completo BC-09 - Mundial,https://www.epocacosmeticos.com.br/kit-masculino-de-cuidados-pessoais-completos-bc-09-mundial/p
Óleo Secante Impala Malaleuca - Blister - Época Cosméticos,"Óleo Secante Impala Malaleuca - Blister - 7,5ml",https://www.epocacosmeticos.com.br/oleo-secante-impala-malaleuca-blister/p
Base Seda Impala Blister - Época Cosméticos,Base Seda Impala Blister - 1 Unidade,https://www.epocacosmeticos.com.br/base-seda--impala-bliste/p
Óleo Secante Impala Blister - Época Cosméticos,Óleo Secante Impala Blister - 1 Unidade,https://www.epocacosmeticos.com.br/oleo-secante-impala-blister/p
Unhas Autocolantes Filha Única Boogie Down ImPRESS - Unhas Postiças - Época Cosméticos,Unhas Autocolantes Filha Única Boogie Down ImPRESS - Unhas Postiças - 1 Unidade,https://www.epocacosmeticos.com.br/unhas-autocolantes-filha-unica-boogie-down-impress-unhas-posticas/p
Unhas Autocolantes Filha Única Bells & Whistles ImPRESS - Unhas Postiças - Época Cosméticos,Unhas Autocolantes Filha Única Bells & Whistles ImPRESS - Unhas Postiças - 1 Unidade,https://www.epocacosmeticos.com.br/unhas-autocolantes-filha-unica-bells-whistles-impress-unhas-posticas/p
Unhas Postiças Belliz - Quadrada Média - Época Cosméticos,Unhas Postiças Belliz - Quadrada Média - 1 Unidade,https://www.epocacosmeticos.com.br/unhas-posticas-belliz-quadrada-media/p
Unhas Postiças Belliz - Quadradas - Época Cosméticos,Unhas Postiças Belliz - Quadradas - 1 Unidade,https://www.epocacosmeticos.com.br/unhas-posticas-belliz-quadradas/p
Cola em Gel para Unhas Postiças Kiss New York Nail Art - Época Cosméticos,Cola em Gel para Unhas Postiças Kiss New York Nail Art - 1 Unidade,https://www.epocacosmeticos.com.br/cola-em-gel-para-unhas-posticas-kiss-new-york-nail-art/p
Esmalte Edição Limitada Primavera 2017 Dior - Vernis Lacquer Colour Gradation - Época Cosméticos,Esmalte Edição Limitada Primavera 2017 Dior - Vernis Lacquer Colour Gradation - 340 - Maybe,https://www.epocacosmeticos.com.br/esmalte-edicao-limitada-primavera-2017-dior-vernis-lacquer-colour-gradation/p
Esmalte Edição Limitada Primavera 2017 Dior - Vernis Lacquer Colour Gradation - Época Cosméticos,Esmalte Edição Limitada Primavera 2017 Dior - Vernis Lacquer Colour Gradation - 800 - Now,https://www.epocacosmeticos.com.br/esmalte-edicao-limitada-primavera-2017-dior-vernis-lacquer-colour-gradation/p
Esmalte Edição Limitada Primavera 2017 Dior - Vernis Lacquer Colour Gradation - Época Cosméticos,Esmalte Edição Limitada Primavera 2017 Dior - Vernis Lacquer Colour Gradation - 873 - Sudden,https://www.epocacosmeticos.com.br/esmalte-edicao-limitada-primavera-2017-dior-vernis-lacquer-colour-gradation/p
Espátula de Unha e Cutícula Gear Tweezerman Aço Inox - Época Cosméticos,Espátula de Unha e Cutícula Gear Tweezerman Aço Inox - 1 Unidade,https://www.epocacosmeticos.com.br/espatula-de-unha-e-cuticulo-gear-tweezerman-aco-inox/p
Alicate de Unhas Gear Tweezerman Aço Inox - Época Cosméticos,Alicate de Unhas Gear Tweezerman Aço Inox - 1 Unidade,https://www.epocacosmeticos.com.br/alicate-de-unha-gear-tweezerman/p
Lixa de Unhas Tweezerman Mix'N Match Runway Collection - Época Cosméticos,Lixa de Unhas Tweezerman Mix'N Match Runway Collection - 1 Unidade,https://www.epocacosmeticos.com.br/lixa-de-unhas-tweezerman-mix-n-match-runway-collection/p
Cortador de Unha Tweezerman Power Nail - Época Cosméticos,Cortador de Unha Tweezerman Power Nail - 1 Unidade,https://www.epocacosmeticos.com.br/cortador-de-unha-tweezerman-power-nail/p
Cortador de Unha com Coletor Tweezerman - Época Cosméticos,Cortador de Unha com Coletor Tweezerman - 1 Unidade,https://www.epocacosmeticos.com.br/cortador-de-unha-com-coletor-tweezerman/p
Alicate de Cutículas Inox Tweezerman Rockhard - Época Cosméticos,Alicate de Cutículas Inox Tweezerman Rockhard - 1 Unidade,https://www.epocacosmeticos.com.br/alicate-de-cuticulas-inox-tweezerman-rockhard/p
Spa para os Pés II Ga.Ma Italy - Hidromassageador - Época Cosméticos,Spa para os Pés II Ga.Ma Italy - Hidromassageador - 127V,https://www.epocacosmeticos.com.br/spa-para-os-pes-ii-ga-ma-italy-hidromassageador/p
Spa para os Pés II Ga.Ma Italy - Hidromassageador - Época Cosméticos,Spa para os Pés II Ga.Ma Italy - Hidromassageador - 220V,https://www.epocacosmeticos.com.br/spa-para-os-pes-ii-ga-ma-italy-hidromassageador/p
Kit de Unhas Relaxbeauty - Beauty Nail Ana Hickmann - Época Cosméticos,Kit de Unhas Relaxbeauty - Beauty Nail Ana Hickmann,https://www.epocacosmeticos.com.br/kit-de-unhas-relaxbeauty-beauty-nail-ana-hickmann-rb-km0676/p
Dior Vernis Longa Duração Dior - Esmalte - Época Cosméticos,Dior Vernis Longa Duração Dior - Esmalte - 756 - Miss,https://www.epocacosmeticos.com.br/dior-vernis-longa-duracao-dior-esmalte/p
Unhas Postiças Basics Oval Bisou - Unhas Postiças - Época Cosméticos,Unhas Postiças Basics Oval Bisou - Unhas Postiças - 1 Unidade,https://www.epocacosmeticos.com.br/unhas-posticas-basics-oval-bisou-unhas-posticas/p
Kit Esmalticons Impala - Nécessaire + Esmalte Chocada - Época Cosméticos,Kit Esmalticons Impala - Nécessaire + Esmalte - Chocada,https://www.epocacosmeticos.com.br/kit-esmalticons-impala-necessaire-esmalte-chocada/p
Kit Esmalticons Impala - Nécessaire + Esmalte - Época Cosméticos,Kit Esmalticons Impala - Nécessaire + Esmalte - Tô de Olho,https://www.epocacosmeticos.com.br/kit-esmalticons-impala-necessaire-esmalte-to-de-olho/p
Kit Esmalticons Impala - Nécessaire + Esmalte - Época Cosméticos,Kit Esmalticons Impala - Nécessaire + Esmalte - Apaixonei,https://www.epocacosmeticos.com.br/kit-esmalticons-impala-necessaire-esmalte-apaixonei/p
Kit Sandy Impala - Batom Líquido + Esmalte - Época Cosméticos,Kit Sandy Impala - Batom Líquido + Esmalte - Ponto Final,https://www.epocacosmeticos.com.br/kit-sandy-impala-batom-liquido-esmalte-ponto-final/p
Kit Sandy Impala - Batom Líquido + Esmalte - Época Cosméticos,Kit Sandy Impala - Batom Líquido + Esmalte - Ninguém é Perfeito,https://www.epocacosmeticos.com.br/kit-sandy-impala-batom-liquido-esmalte-ninguem-e-perfeito/p
Kit Sandy Impala - Batom Líquido + Esmalte Aquela dos 30 - Época Cosméticos,Kit Sandy Impala - Batom Líquido + Esmalte - Aquela dos 30,https://www.epocacosmeticos.com.br/kit-sandy-impala-batom-liquido-esmalte-aquela-dos-30/p
Kit Sandy Impala - Batom Líquido + Esmalte - Época Cosméticos,Kit Sandy Impala - Batom Líquido + Esmalte - Quem Eu Sou,https://www.epocacosmeticos.com.br/kit-sandy-impala-batom-liquido-esmalte-quem-eu-sou/p
Salon Color First Kiss - Unhas Postiças - Época Cosméticos,Salon Color First Kiss - Unhas Postiças - 1 Unidade,https://www.epocacosmeticos.com.br/salon-color-first-kiss-unhas-posticas/p
Kit de Cuidado para Unhas Flex 151-FL Mundial - Época Cosméticos,Kit de Cuidado para Unhas Flex 151-FL Mundial,https://www.epocacosmeticos.com.br/kit-de-cuidado-para-unhas-flex-151-fl-mundial/p
Esmalte Spray Nail Spray 373 Pink + 2 em 1 Base e Verniz Impala - Época Cosméticos,Esmalte Spray Nail Spray 373 Pink + 2 em 1 Base e Verniz Impala - Kit,https://www.epocacosmeticos.com.br/esmalte-spray-nail-spray-373-pink-2-em-1-base-e-verniz-impala/p
Esmalte Spray Nail Spray 370 Prata + 2 em 1 Base e Verniz Impala - Época Cosméticos,Esmalte Spray Nail Spray 370 Prata + 2 em 1 Base e Verniz Impala - Kit,https://www.epocacosmeticos.com.br/esmalte-spray-nail-spray-370-prata-2-em-1-base-e-verniz-impala/p
Dior Vernis Edição Limitada Primavera 2016 Dior - Esmalte - Época Cosméticos,Dior Vernis Edição Limitada Primavera 2016 Dior - Esmalte - 491 Lilac,https://www.epocacosmeticos.com.br/dior-vernis-edicao-limitada-primavera-2016-dior-esmalte/p
Classic Reta 422 Mundial - Tesoura para Unha 3 ½ - Época Cosméticos,Classic Reta 422 Mundial - Tesoura para Unha 3 ½ - 1 Unidade,https://www.epocacosmeticos.com.br/classic-reta-422-mundial-tesoura-para-unha-3/p
Alicate para Unha Mundial 776 Professional - Época Cosméticos,Alicate para Unha Mundial 776 Professional - 1 Unidade,https://www.epocacosmeticos.com.br/alicate-para-unha-mundial-776-professional/p
Nail Polish Remover Pads Purederm -Removedor de Esmaltes - Época Cosméticos,Nail Polish Remover Pads Purederm - Lenço Removedor de Esmaltes - 36 Unidades,https://www.epocacosmeticos.com.br/nail-polish-remover-pads-purederm-lenco-removedor-de-esmaltes/p
Base Vitaminada Impala - Base para Unhas - Época Cosméticos,Base Vitaminada Impala - Base para Unhas - 15ml,https://www.epocacosmeticos.com.br/base-vitaminada-impala-base-para-unhas/p
Base Seda Impala - Esmalte de Tratamento - Época Cosméticos,Base Seda Impala - Esmalte de Tratamento - 60ml,https://www.epocacosmeticos.com.br/base-seda-impala-esmalte-de-tratamento/p
1 Seconde Gel Bourjois - Esmalte Copy - Época Cosméticos,1 Seconde Gel Bourjois - Esmalte Copy - T10 - Rouge Poppy,https://www.epocacosmeticos.com.br/1-seconde-gel-bourjois-esmalte-copy/p
Soft Feet Taiff - Pedicuro - Época Cosméticos,Soft Feet Taiff - Pedicuro - Bivolt,https://www.epocacosmeticos.com.br/soft-feet-taiff-pedicuro/p
Unhas Postiças Auto Colantes 33 See You In Florence Bisou - Época Cosméticos,Unhas Postiças Auto Colantes Bisou - Unhas Postiças - 1 Unidade,https://www.epocacosmeticos.com.br/unhas-posticas-auto-colantes-33-see-you-in-florence-bisou-unhas-posticas/p
Pushy and Nail Cleaner Tweezerman - Espátula de Unha e Cutícula - Época Cosméticos,Pushy and Nail Cleaner Tweezerman - Espátula de Unha e Cutícula,https://www.epocacosmeticos.com.br/pushy-and-nail-cleaner-tweezerman-espatula-de-unha-e-cuticula/p
Neon Filemates Tweezerman - Lixa de Unha - Época Cosméticos - Época Cosméticos,Neon Filemates Tweezerman - Lixa de Unha,https://www.epocacosmeticos.com.br/neon-filemates-tweezerman-lixa-de-unha/p
Creme para Unhas e Cutículas Ligia Kogos - Época Cosméticos,Creme para Unhas e Cutículas Ligia Kogos - Tratamento para Unhas e Cutículas - 12g,https://www.epocacosmeticos.com.br/creme-para-unhas-e-cuticulas-ligia-kogos-tratamento-para-unhas-e-cuticulas/p
Dior Vernis Efeito Gel Dior - Esmalte - Época Cosméticos,Dior Vernis Efeito Gel Dior - Esmalte - 155 - Tra-la-la,https://www.epocacosmeticos.com.br/dior-vernis-efeito-gel-dior-esmalte/p
Dior Vernis Efeito Gel Dior - Esmalte - Época Cosméticos,Dior Vernis Efeito Gel Dior - Esmalte - 306 - Trianon,https://www.epocacosmeticos.com.br/dior-vernis-efeito-gel-dior-esmalte/p
Dior Vernis Efeito Gel Dior - Esmalte - Época Cosméticos,Dior Vernis Efeito Gel Dior - Esmalte - 338 - Mirage,https://www.epocacosmeticos.com.br/dior-vernis-efeito-gel-dior-esmalte/p
Dior Vernis Efeito Gel Dior - Esmalte - Época Cosméticos,Dior Vernis Efeito Gel Dior - Esmalte - 494 - Junion,https://www.epocacosmeticos.com.br/dior-vernis-efeito-gel-dior-esmalte/p
Dior Vernis Efeito Gel Dior - Esmalte - Época Cosméticos,Dior Vernis Efeito Gel Dior - Esmalte - 551 - Aventure,https://www.epocacosmeticos.com.br/dior-vernis-efeito-gel-dior-esmalte/p
Dior Vernis Efeito Gel Dior - Esmalte - Época Cosméticos,Dior Vernis Efeito Gel Dior - Esmalte - 618 - Vibrato,https://www.epocacosmeticos.com.br/dior-vernis-efeito-gel-dior-esmalte/p
Dior Vernis Efeito Gel Dior - Esmalte - Época Cosméticos,Dior Vernis Efeito Gel Dior - Esmalte - 661 - Bonheur,https://www.epocacosmeticos.com.br/dior-vernis-efeito-gel-dior-esmalte/p
Dior Vernis Efeito Gel Dior - Esmalte - Época Cosméticos,Dior Vernis Efeito Gel Dior - Esmalte - 754 - Pandore,https://www.epocacosmeticos.com.br/dior-vernis-efeito-gel-dior-esmalte/p
Pincel para Unhas Bourjois  Art Pro Nail - Época Cosméticos,Pincel para Unhas Bourjois  Art Pro Nail,https://www.epocacosmeticos.com.br/art-pro-nail-bourjois-pincel-para-nail-art/p
French Manicure Dior - Caneta para Aplicação de Francesinha - Época Cosméticos,French Manicure Dior - Caneta para Aplicação de Francesinha - 18ml,https://www.epocacosmeticos.com.br/french-manicure-dior-caneta-para-aplicacao-de-francesinha/p
Dior Vernis Dior - Esmalte - Época Cosméticos,Dior Vernis Dior - Esmalte - 868 - Wonderful,https://www.epocacosmeticos.com.br/dior-vernis-dior-esmalte/p
Dior Nail Glow Dior - Esmalte - Época Cosméticos,Dior Nail Glow Dior - Esmalte - Incolor,https://www.epocacosmeticos.com.br/dior-nail-glow-dior-esmalte/p
Top Coat Le Vernis Givenchy - Base Protetora para as Unhas - Época Cosméticos,Top Coat Le Vernis Givenchy - Base Protetora para as Unhas - 10ml,https://www.epocacosmeticos.com.br/top-coat-le-vernis-givenchy-base-protetora-para-as-unhas/p
Top Coat Gel Dior - Gel de Brilho - Época Cosméticos,Top Coat Gel Dior - Gel de Brilho - 10ml,https://www.epocacosmeticos.com.br/top-coat-gel-dior-gel-de-brilho/p
Quick Dry Base Coat Revlon - Base Protetora para Unhas Frágeis - Época Cosméticos,Quick Dry Base Coat Revlon - Base Protetora para Unhas Frágeis - 955,https://www.epocacosmeticos.com.br/quick-dry-base-coat-revlon-base-protetora-para-unhas-frageis/p
Mini Lixa Matchbox Files Tweezerman - Caixa com Mini Lixas - Época Cosméticos,Mini Lixa Matchbox Files Tweezerman - Caixa com Mini Lixas - 12 Unidades,https://www.epocacosmeticos.com.br/mini-lixa-matchbox-files-tweezerman-caixa-com-mini-lixas/p
Mava-Flex Serum Mavala - Cuidado Fortalecedor para as Unhas - Época Cosméticos,Mava-Flex Serum Mavala - Cuidado Fortalecedor para as Unhas - 10ml,https://www.epocacosmeticos.com.br/mava-flex-serum-mavala-cuidado-fortalecedor-para-as-unhas/p
Mavadry Spray Mavala - Spray Secante de Esmalte - Época Cosméticos,Mavadry Spray Mavala - Spray Secante de Esmalte - 150ml,https://www.epocacosmeticos.com.br/mavadry-spray-mavala-spray-secante-de-esmalte/p
Limes a Ongles Mavala - Kit de Lixas para as Unhas - Época Cosméticos,Limes a Ongles Mavala - Kit de Lixas para as Unhas - 08 Unidades,https://www.epocacosmeticos.com.br/limes-a-ongles-mavala-kit-de-lixas-para-as-unhas/p
Full Jaw Cuticle Nipper Revlon - Alicate de Unha - Época Cosméticos,Full Jaw Cuticle Nipper Revlon - Alicate de Unha - Alicate para Unhas,https://www.epocacosmeticos.com.br/full-jaw-cuticle-nipper-revlon-alicate-de-unha/p
Unhas Postiças Kiss New York - Salon Natural Longo Estileto - Época Cosméticos,Unhas Postiças Kiss New York - Salon Natural Longo Estileto - 1 Unidade,https://www.epocacosmeticos.com.br/unhas-posticas-kiss-new-york-salon-natural-longo-estileto-/p
Unhas Postiças Kiss New York - Salon Natural Longo Quadrado - Época Cosméticos,Unhas Postiças Kiss New York - Salon Natural Longo Quadrado - 1 Unidade,https://www.epocacosmeticos.com.br/unhas-posticas-kiss-new-york-salon-natural-longo-quadrado-/p
Cobertura Extra Fosca - Impala - Época Cosméticos,"Cobertura Extra Fosca - Impala - 7,5ml",https://www.epocacosmeticos.com.br/cobertura-extra-fosca-impala/p
Lenço Removedor de Esmalte Océane - Vanilla - Época Cosméticos,Lenço Removedor de Esmalte Océane - Vanilla - 1 Unidade,https://www.epocacosmeticos.com.br/lenco-removedor-de-esmalte-oceane-vanilla/p
Salon Color Vanity First Kiss - Unhas Postiças - Época Cosméticos,Salon Color Vanity First Kiss - Unhas Postiças - 1 Unidade,https://www.epocacosmeticos.com.br/salon-color-vanity-first-kiss-unhas-posticas/p
Unhas Naturais sem Cola Quadrado com Aba Curto First Kiss - Unhas Postiças - Época Cosméticos,Unhas Naturais sem Cola Quadrado com Aba Curto First Kiss - Unhas Postiças - 1 Unidade,https://www.epocacosmeticos.com.br/unhas-naturais-sem-cola-quadrado-com-aba-curto-first-kiss-unhas-posticas/p
Unhas Naturais sem Cola Quadrado Curto First Kiss - Unhas Postiças - Época Cosméticos,Unhas Naturais sem Cola Quadrado Curto First Kiss - Unhas Postiças - 1 Unidade,https://www.epocacosmeticos.com.br/unhas-naturais-sem-cola-quadrado-curto-first-kiss-unhas-posticas/p
Unhas Autocolantes Filha Única Harlem Snake ImPRESS - Unhas Postiças - Época Cosméticos,Unhas Autocolantes Filha Única Harlem Snake ImPRESS - Unhas Postiças - 1 Unidade,https://www.epocacosmeticos.com.br/unhas-autocolantes-filha-unica-harlem-snake-impress-unhas-posticas/p
Kit Elétrico Enox - Manicure e Pedicure - Época Cosméticos,Kit Elétrico Enox - Manicure e Pedicure - 1 Unidade,https://www.epocacosmeticos.com.br/kit-eletrico-enox-manicure-e-pedicure/p
Unhas Autoadesivas Belliz - Nude - Época Cosméticos,Unhas Autoadesivas Belliz - Nude - 1 Unidade,https://www.epocacosmeticos.com.br/unhas-autoadesivas-belliz-nude/p
Lixa Polidora Kiss New York Para Uso Geral - Época Cosméticos,Lixa Polidora Kiss New York Para Uso Geral - 1 Unidade,https://www.epocacosmeticos.com.br/lixa-polidora-kiss-new-york-para-uso-geral/p
Unhas Postiças Kiss NY Impress Color Curto Easy Breezy - Época Cosméticos,Unhas Postiças Kiss NY Impress Color Curto Easy Breezy - 1 unidade,https://www.epocacosmeticos.com.br/unhas-posticas-kiss-ny-impress-color-curto-easy-breezy/p
Unhas Postiças Kiss NY Impress Color Curto Summer Love - Época Cosméticos,Unhas Postiças Kiss NY Impress Color Curto Summer Love - 1 Unidade,https://www.epocacosmeticos.com.br/unhas-posticas-kiss-ny-impress-color-curto-summer-love/p
Lixa de Unhas Mini Tweezerman Matchbox Files Hot For Dots - Época Cosméticos,Lixa de Unhas Mini Tweezerman Matchbox Files Hot For Dots - 1 Unidade,https://www.epocacosmeticos.com.br/lixa-de-unhas-mini-tweezerman-matchbox-files-hot-for-dots/p
Cortador de Unha Relaxbeauty - Beauty Care Ana Hickmann - Época Cosméticos,Cortador de Unha Relaxbeauty - Beauty Care Ana Hickmann - 1 Unidade,https://www.epocacosmeticos.com.br/cortador-de-unha-relaxbeauty-beauty-care-ana-hickman-rb-cu3122/p
Esmaltes Cremosos Dailus - Época Cosméticos,Esmaltes Cremosos Dailus - 241 - Festa do Branco,https://www.epocacosmeticos.com.br/esmaltes-cremosos-dailus/p
Esmaltes Cremosos Dailus - Época Cosméticos,Esmaltes Cremosos Dailus - 201 - Bicho de Pé,https://www.epocacosmeticos.com.br/esmaltes-cremosos-dailus/p
Esmaltes Cintilantes Dailus - Época Cosméticos,Esmaltes Cintilantes Dailus - 410 - Peep Toe,https://www.epocacosmeticos.com.br/esmaltes-cintilantes-dailus/p
Unhas Autocolantes ImPRESS Vintage Curto - Época Cosméticos,Unhas Autocolantes ImPRESS Vintage Curto - 1 Unidade,https://www.epocacosmeticos.com.br/unhas-autocolantes-inpress-vintage-rain/p
Mini Color’s Sundream Mavala - Esmalte - Época Cosméticos,Mini Color’s Sundream Mavala - Esmalte - 088 - Chihuahua,https://www.epocacosmeticos.com.br/mini-color-s-sundream-mavala-esmalte/p
Unhas Postiças Auto Colantes 03 Violet Cookies Bisou - Época Cosméticos,Unhas Postiças Auto Colantes Bisou - Unhas Postiças - 1 Unidade,https://www.epocacosmeticos.com.br/unhas-posticas-auto-colantes-bisou-unhas-posticas-03-violet-cookies/p
Unhas Postiças Auto Colantes 55 Pop Caramelo Bisou - Época Cosméticos,Unhas Postiças Auto Colantes Bisou - Unhas Postiças - 1 Unidade,https://www.epocacosmeticos.com.br/unhas-posticas-auto-colantes-bisou-unhas-posticas-55-pop-caramelo/p
Kit Esmalticons Impala - Nécessaire + Esmalte Chorei de Rir - Época Cosméticos,Kit Esmalticons Impala - Nécessaire + Esmalte - Chorei de Rir,https://www.epocacosmeticos.com.br/kit-esmalticons-impala-necessaire-esmalte-chorei-de-rir/p
Alicate para Cutícula Mundial 772 Profissional - Alicate de Unha - Época Cosméticos,Alicate para Cutícula Mundial 772 Profissional - Alicate de Unha - 1 Unidade,https://www.epocacosmeticos.com.br/alicate-para-cuticula-mundial-772-profissional-alicate-de-unha/p
Kit Sandy Impala - Batom Líquido + Esmalte Escolho Você - Época Cosméticos,Kit Sandy Impala - Batom Líquido + Esmalte - Escolho você,https://www.epocacosmeticos.com.br/kit-sandy-impala-batom-liquido-esmalte-escolho-voce/p
Unhas Naturais sem Cola First Kiss - Unhas Postiças - Época Cosméticos,Unhas Naturais sem Cola First Kiss - Unhas Postiças - 1 Unidade,https://www.epocacosmeticos.com.br/unhas-naturais-sem-cola-first-kiss-unhas-posticas/p
Óleo Secante Impala - Esmalte de Tratamento - Época Cosméticos,Óleo Secante Impala - Esmalte de Tratamento - 60ml,https://www.epocacosmeticos.com.br/oleo-secante-impala-esmalte-de-tratamento/p
Nail Lacquer And Care Coleção Alê de Souza Océane - Esmalte - Época Cosméticos - Época Cosméticos,Nail Lacquer And Care Coleção Alê de Souza Océane - Esmalte - Amora,https://www.epocacosmeticos.com.br/nail-lacquer-and-care-colecao-ale-de-souza-oceane-esmalte/p
Nail Lacquer And Care Coleção Alê de Souza Océane - Esmalte - Época Cosméticos - Época Cosméticos,Nail Lacquer And Care Coleção Alê de Souza Océane - Esmalte - Marie,https://www.epocacosmeticos.com.br/nail-lacquer-and-care-colecao-ale-de-souza-oceane-esmalte/p
Unhas Postiças Auto Colantes 07 Raspberry Jelly Media Bisou - Época Cosméticos,Unhas Postiças Auto Colantes Bisou - Unhas Postiças - 1 Unidade,https://www.epocacosmeticos.com.br/unhas-posticas-auto-colantes-07-raspberry-jelly-media-bisou-unhas-posticas/p
Unhas Postiças Auto Colantes Bisou - Unhas Postiças - Época Cosméticos,Unhas Postiças Auto Colantes Bisou - Unhas Postiças - 1 Unidade,https://www.epocacosmeticos.com.br/unhas-posticas-auto-colantes-28-pure-marsala-media-bisou-unhas-posticas/p
Unhas Postiças Auto Colantes 28 Pure Marsala Bisou - Época Cosméticos,Unhas Postiças Auto Colantes Bisou - Unhas Postiças - 1 Unidade,https://www.epocacosmeticos.com.br/unhas-posticas-auto-colantes-28-pure-marsala-bisou-unhas-posticas/p
Unhas Postiças Auto Colantes 99 Moon Skin Bisou - Época Cosméticos,Unhas Postiças Auto Colantes Bisou - Unhas Postiças - 1 Unidade,https://www.epocacosmeticos.com.br/unhas-posticas-auto-colantes-99-moon-skin-bisou-unhas-posticas/p
Unhas Postiças Auto Colantes 10 Paris By Night Bisou - Época Cosméticos,Unhas Postiças Auto Colantes Bisou - Unhas Postiças - 1 Unidade,https://www.epocacosmeticos.com.br/unhas-posticas-auto-colantes-10-paris-by-night-bisou-unhas-posticas/p
Unhas Postiças Auto Colantes 25 My Dear Isabelle Bisou - Época Cosméticos,Unhas Postiças Auto Colantes Bisou - Unhas Postiças - 1 Unidade,https://www.epocacosmeticos.com.br/unhas-posticas-auto-colantes-25-my-dear-isabelle-bisou-unhas-posticas/p
Unhas Postiças Naturais Quadrado Médio com Cola First Kiss - Unhas Postiças - Época Cosméticos,Unhas Postiças Naturais Quadrado Médio com Cola First Kiss - Unhas Postiças - Kit de 36 Unhas,https://www.epocacosmeticos.com.br/unhas-posticas-naturais-quadrado-medio-com-cola-first-kiss/p
Nail Top Coat Abricot Dior - Finalizador para Unhas - Época Cosméticos,Nail Top Coat Abricot Dior - Finalizador para Unhas - 10ml,https://www.epocacosmeticos.com.br/top-coat-dior-finalizador-para-unhas/p
Correcteur Mavala - Lápis Removedor de Esmaltes - Época Cosméticos,"Correcteur Mavala - Lápis Removedor de Esmaltes - 4,5ml",https://www.epocacosmeticos.com.br/correcteur-mavala-lapis-removedor-de-esmaltes/p
So Laque Ultra Shine Bourjois - Esmalte - Época Cosméticos,So Laque Ultra Shine Bourjois - Esmalte - Rose Lounge,https://www.epocacosmeticos.com.br/so-laque-ultra-shine-bourjois-esmalte/p
So Laque Ultra Shine Bourjois - Esmalte - Época Cosméticos,So Laque Ultra Shine Bourjois - Esmalte - Rouge Diva,https://www.epocacosmeticos.com.br/so-laque-ultra-shine-bourjois-esmalte/p
O.P.I Nail Lacquer O.P.I - Esmalte - Época Cosméticos,O.P.I Nail Lacquer O.P.I - Esmalte - Funny Bunny,https://www.epocacosmeticos.com.br/o-p-i-nail-lacquer-o-p-i-esmalte/p
O.P.I Nail Lacquer O.P.I - Esmalte - Época Cosméticos,O.P.I Nail Lacquer O.P.I - Esmalte - You Don't Know Jacques,https://www.epocacosmeticos.com.br/o-p-i-nail-lacquer-o-p-i-esmalte/p
O.P.I Nail Lacquer O.P.I - Esmalte - Época Cosméticos,O.P.I Nail Lacquer O.P.I - Esmalte - Shorts Story,https://www.epocacosmeticos.com.br/o-p-i-nail-lacquer-o-p-i-esmalte/p
O.P.I Nail Lacquer O.P.I - Esmalte - Época Cosméticos,O.P.I Nail Lacquer O.P.I - Esmalte - Red Lights Ahead...Where?,https://www.epocacosmeticos.com.br/o-p-i-nail-lacquer-o-p-i-esmalte/p
